https://es.wikipedia.org/wiki/Portal:Comunidad	Portal:Comunidad - Wikipedia, la enciclopedia libre	Portal de la comunidad Donde descubrir lo que sucede en Wikipedia, cómo colaborar y algunos recursos de interés.
https://es.wikipedia.org/wiki/Ciencia	Ciencia - Wikipedia, la enciclopedia libre	La ciencia es una disciplina sistemática que construye y organiza conocimiento en forma de hipótesis y predicciones comprobables sobre el universo.[1][2][3] La ciencia moderna se divide típicamente en dos o tres ramas principales:[4] las ciencias naturales (por ejemplo, física...
https://es.wikipedia.org/wiki/Tecnolog%C3%ADa	Tecnología - Wikipedia, la enciclopedia libre	La tecnología (del griego τέχνη téchnē, ‘arte’, ‘oficio’ y -λογία -loguía, ‘tratado’, ‘estudio’[2]) es la suma de técnicas, habilidades, métodos y procesos utilizados en la producción de bienes o servicios o en el logro de objetivos, como la investigación científica. La tecnol...
https://es.wikipedia.org/wiki/Inteligencia_artificial	Inteligencia artificial - Wikipedia, la enciclopedia libre	La inteligencia artificial, abreviada como IA o AI (por su nombre en inglés: artificial intelligence), en el contexto de las ciencias de la computación, es una disciplina y un conjunto de capacidades cognoscitivas e intelectuales expresadas por sistemas informáticos o combinac...
https://es.wikipedia.org/wiki/Exploraci%C3%B3n_espacial	Exploración espacial - Wikipedia, la enciclopedia libre	La exploración espacial designa los esfuerzos del ser humano en estudiar el espacio y sus astros desde el punto de vista científico y de su explotación económica. Estos esfuerzos pueden involucrar tanto seres humanos viajando en naves espaciales como satélites con recursos de ...
https://news.ycombinator.com	Hacker News	Información indexada por el motor Nuby.
https://techcrunch.com	TechCrunch | Startup and Technology News	TechCrunch | Reporting on the business of technology, startups, venture capital funding, and Silicon Valley
https://www.bbc.com/mundo	Noticias - BBC News Mundo	BBC Mundo le presenta una selección de contenidos y acontecimientos más importantes de la actualidad. Las últimas noticias e información en materia internacional, sobre América Latina, tecnología, ciencia, salud, economía. Fotos y videos.
https://es.wikipedia.org/wiki/Wikipedia:Portada	Wikipedia, la enciclopedia libre	la enciclopedia de contenido libreque todos pueden editar.
https://es.wikipedia.org/wiki/Portal:Actualidad	Portal:Actualidad - Wikipedia, la enciclopedia libre	Véase también: Categoría:Actualidad — 2026 — Categoría:2026 ¿Quieres colaborar? Puedes avisarnos de un artículo de actualidad que falte.
https://es.wikipedia.org/wiki/Especial:CambiosRecientes	Cambios recientes - Wikipedia, la enciclopedia libre	Cambios recientes - Wikipedia, la enciclopedia libre
https://es.wikipedia.org/wiki/Especial:P%C3%A1ginasNuevas	Páginas nuevas - Wikipedia, la enciclopedia libre	Por favor, lee Wikipedia:Patrulla Páginas Nuevas:
https://es.wikipedia.org/wiki/Especial:Aleatoria	Noche de luna - Wikipedia, la enciclopedia libre	Noche de Luna es una canción popular ucraniana, más conocida por su primera línea: que noche, de luna, estrellada ("Ніч яка, місячна, зоряна").
https://es.wikipedia.org/wiki/Ayuda:Contenidos	Ayuda:Contenidos - Wikipedia, la enciclopedia libre	Esta ayuda contiene enlaces a manuales y explicaciones que te facilitarán el día a día en Wikipedia. Tú puedes mejorarla, ¡anímate!
https://es.wikipedia.org/wiki/Wikipedia:Informes_de_error	Wikipedia:Informes de error - Wikipedia, la enciclopedia libre	En el mensaje de respuesta es necesario incluir alguna de las siguientes plantillas, según el tipo de solución que se haya dado al informe, para que se pueda proceder al borrado automático de las secciones mediante bot (detalles aquí). Importante: El bot solo actuará si puede ...
https://es.wikipedia.org/wiki/Especial:P%C3%A1ginasEspeciales	Páginas especiales - Wikipedia, la enciclopedia libre	A continuación se listan todas las páginas especiales disponibles de Wikipedia en español, ofrecidas por el software MediaWiki.
https://es.wikipedia.org/wiki/Especial:Buscar	Buscar - Wikipedia, la enciclopedia libre	Para más opciones de búsqueda, vea Ayuda:Búsqueda.
https://donate.wikimedia.org/?wmf_source=donate&amp;wmf_medium=sidebar&amp;wmf_campaign=es.wikipedia.org&amp;uselang=es	Haz tu donación ahora - Wikimedia Foundation	Donate to the Wikimedia Foundation, the nonprofit that hosts Wikipedia and other crucial free knowledge projects. Each year, the generosity of the 2% of readers who donate allows us to expand the reach of Wikipedia and our other projects. Our goal is to ensure knowledge remain...
https://es.wikipedia.org/w/index.php?title=Especial:Crear_una_cuenta&amp;returnto=Portal%3AComunidad	Crear una cuenta - Wikipedia, la enciclopedia libre	Idioma: Deutsch · English · Esperanto · Français · Italiano · Nederlands
https://es.wikipedia.org/w/index.php?title=Especial:Entrar&amp;returnto=Portal%3AComunidad	Ingresar - Wikipedia, la enciclopedia libre	Idioma: Deutsch · English · Esperanto · Français · Italiano · Nederlands
https://aa.wikipedia.org/wiki/Wikipedia:Community_Portal	Wikipedia:Community Portal - Wikipedia	en: Please note, as I did preeceding this, whenever using a langauge other than afar. We do not have any speakers of the language it seems at the moment. Thank you! Aeæ 02:56, 6 July 2006 (UTC)
https://ady.wikipedia.org/wiki/%D0%92%D0%B8%D0%BA%D0%B8%D0%BF%D0%B5%D0%B4%D0%B8%D0%B5:%D0%9B%D1%8A%D1%8D%D0%BF%D0%BA%D1%8A%D1%8D%D0%B3%D1%8A%D1%83_%D3%80%D1%83%D1%85%D1%8C%D0%B0%D0%BF%D3%80	Википедие:Лъэпкъэгъу ӀухьапӀ - Википедие	Архивы/Archives: 2016
https://af.wikipedia.org/wiki/Wikipedia:Gebruikersportaal	Wikipedia:Gebruikersportaal - Wikipedia	Welkom by die gebruikersportaal
https://als.wikipedia.org/wiki/Wikipedia:Gemeinschafts-Portal	Wikipedia:Gmeinschaftsportal - Alemannische Wikipedia	Wikipedia:Gmeinschaftsportal - Alemannische Wikipedia
https://alt.wikipedia.org/wiki/%D0%92%D0%B8%D0%BA%D0%B8%D0%BF%D0%B5%D0%B4%D0%B8%D1%8F:%D3%A6%D0%BC%D3%A7%D0%BB%D0%B8%D0%BA%D1%82%D0%B8%D2%A5_%D0%BF%D0%BE%D1%80%D1%82%D0%B0%D0%BB%D1%8B	Википедия:Ӧмӧликтиҥ порталы — Википедия	Ӧмӧликтиҥ порталы Форум: Курултай (архив: 2020 · 2021 · 2022 · 2023) · Талдаштар (архив: 2021 · 2022) 1000 бӱк · Талдама бичимелдер · Пресса Проекттер: География · Алтай
https://an.wikipedia.org/wiki/Wikipedia:Comunidat	Wikipedia:Comunidat - Biquipedia, a enciclopedia libre	¡Wikipedia te aprecisa! Si quiers colaborar con nusatros, ¡sé biemplegau! Puetz veyer l'aduya más abaixo y practicar en a pachina de prebatinas. No olvides rechistrar-te.
https://ang.wikipedia.org/wiki/Wikip%C7%A3dia:Gem%C7%A3nscipes_Ingang	Wikipǣdia:Gemǣnscipes Ingang - Wikipǣdia, sēo frēo wīsdōmbōc	For mare ascungea, on-sende monunga to Þorpes Ƿella, read the Help directory and our policies, contact other Wikipedians, and keep track of what's going on. If you haven't already, you may want to create an account (hƿȳ?).
https://ann.wikipedia.org/wiki/W%C3%ACk%C3%ACpedia:Akpatan%CC%84-etip_ama	Wìkìpedia:Akpatan̄-etip ama - Wìkìpedia	Ǹkiweek ibe ebi Wikimedia eyaka ekpọk enyi emi irek ogwu otuchieen̄ me Wìkìpedia Obolo. Me onyan̄ gweregwen mgbọ keyi, emi ire ogwu otuchieen̄, ire, unue ya ìbokana igwook me adasi nde me emen Akọp-onyan̄. Eya orọ nkiweek ikpọkpọk ire ogwu otuchieen̄ inyi m̀kpọ chieen̄ me lek ...
https://anp.wikipedia.org/wiki/%E0%A4%B5%E0%A4%BF%E0%A4%95%E0%A4%BF%E0%A4%AA%E0%A5%80%E0%A4%A1%E0%A4%BF%E0%A4%AF%E0%A4%BE:%E0%A4%B8%E0%A4%BE%E0%A4%AE%E0%A5%81%E0%A4%A6%E0%A4%BE%E0%A4%AF%E0%A4%BF%E0%A4%95_%E0%A4%AA%E0%A5%8B%E0%A4%B0%E0%A5%8D%E0%A4%9F%E0%A4%B2	विकिपीडिया:सामुदायिक पोर्टल - विकिपीडिया	विकिपीडिया:सामुदायिक पोर्टल - विकिपीडिया
https://ar.wikipedia.org/wiki/%D9%88%D9%8A%D9%83%D9%8A%D8%A8%D9%8A%D8%AF%D9%8A%D8%A7:%D8%A8%D9%88%D8%A7%D8%A8%D8%A9_%D8%A7%D9%84%D9%85%D8%AC%D8%AA%D9%85%D8%B9	%D9%88%D9%8A%D9%83%D9%8A%D8%A8%D9%8A%D8%AF%D9%8A%D8%A7:%D8%A8%D9%88%D8%A7%D8%A8%D8%A9 %D8%A7%D9%84%D9%85%D8%AC%D8%AA%D9%85%D8%B9 — Conocimiento e Información	Artículo indexado sobre %D9%88%D9%8A%D9%83%D9%8A%D8%A8%D9%8A%D8%AF%D9%8A%D8%A7:%D8%A8%D9%88%D8%A7%D8%A8%D8%A9 %D8%A7%D9%84%D9%85%D8%AC%D8%AA%D9%85%D8%B9 en el dominio ar.wikipedia.org. Incluye documentación, recursos y análisis.
https://ary.wikipedia.org/wiki/%D9%88%D9%8A%D9%83%D9%8A%D9%BE%D9%8A%D8%AF%D9%8A%D8%A7:%D8%B3%D8%A7%D8%AD%D8%A9_%D8%AF_%D8%A7%D9%84%D8%AC%D9%85%D8%A7%D8%B9%D8%A9	ويكيپيديا:ساحة د الجماعة - ويكيپيديا	مرحبا فالساحة د الجماعة ف ويكيپيديا بالدارجة!
https://as.wikipedia.org/wiki/%E0%A7%B1%E0%A6%BF%E0%A6%95%E0%A6%BF%E0%A6%AA%E0%A6%BF%E0%A6%A1%E0%A6%BF%E0%A6%AF%E0%A6%BC%E0%A6%BE:%E0%A6%B8%E0%A6%A6%E0%A6%A8	ৱিকিপিডিয়া:সদন - অসমীয়া ৱিকিপিডিয়া	সংক্ষিপ্ত পঞ্জী&nbsp;· পঞ্জী&nbsp;· ৱিকিসমাজৰ বৰচ'ৰা&nbsp;· কাৰিকৰি&nbsp;· বাঞ্ছা&nbsp;· সংক্ষিপ্তিসমূহ&nbsp;· ইংগিত&nbsp;· হাথিয়াৰ&nbsp;· সূচী
https://ast.wikipedia.org/wiki/Wikipedia:Portal_de_la_comunid%C3%A1	Wikipedia:Portal de la comunidá - Wikipedia	domingu 2 de agostu
https://atj.wikipedia.org/wiki/Wikipetcia:Kaskina_mamo_awik	Wikipetcia:Kaskina mamo awik — Wikipetcia	Voir cette page dans d'autre langues :
https://av.wikipedia.org/wiki/%D0%92%D0%B8%D0%BA%D0%B8%D0%BF%D0%B5%D0%B4%D0%B8%D1%8F:%D0%96%D0%B0%D0%BC%D0%B3%D3%80%D0%B8%D1%8F%D0%B1_%D0%BF%D0%BE%D1%80%D1%82%D0%B0%D0%BB	Википедия:ЖамгӀияб портал — Википедия	Википедия:ЖамгӀияб портал — Википедия
https://az.wikipedia.org/wiki/Vikipediya:%C4%B0cma_portal%C4%B1	Vikipediya:İcma portalı — Vikipediya	Vikipediya:İcma portalı — Vikipediya
https://azb.wikipedia.org/wiki/%D9%88%DB%8C%DA%A9%DB%8C%E2%80%8C%D9%BE%D8%AF%DB%8C%D8%A7:%D8%A7%DB%8C%D8%AC%D9%85%D8%A7%D8%B9_%D9%BE%D9%88%D9%92%D8%B1%D8%AA%D8%A7%D9%84%DB%8C	ویکی‌پدیا:ایجماع پوْرتالی - ویکی‌پدیا	بو صفحه تورکجه ویکی‌پدیاسینا دایر جاری اَمکداشلیقلارین، تاپشیریقلارین و خبرلرین لیستینی تقدیم ائدیر. ویکی‌پدیادا یئنی‌سینیز؟ See the contributing to Wikipedia page or our tutorial for everything you need to know to get started. For a listing of internal project pages of intere...
https://ba.wikipedia.org/wiki/%D0%92%D0%B8%D0%BA%D0%B8%D0%BF%D0%B5%D0%B4%D0%B8%D1%8F:%D0%91%D0%B5%D1%80%D0%BB%D3%99%D1%88%D0%BC%D3%99	Википедия:Берләшмә — Википедия	Ҡоролтай · Терминдар буйынса фекерләшеү · Топонимдар буйынса фекерләшеү · Ҡағиҙәләр тураһында фекерләшеү · Категориялар тураһында фекерләшеү · Тауыш биреүҙәр · Статустарға ғаризалар · Юғары шура · Ҡатнашыусыларҙы тикшереү
https://ban.wikipedia.org/wiki/Wikip%C3%A9dia:Kori_Sekaa	Wikipédia:Kori Sekaa - Wikipédia	Medal | Swasti prapta | Pasangkepan | Hubungi kami | Bancakan Kori sekaa inggih punika kori anggén ngrereh gatra sané mapaiketan tekén sakancan topik sané wénten ring Wikipédia. Madaging gatra-gatra sajeroning pakaryan sané sampun prasida kapupulin, taler nyobiahang warta pari...
https://bar.wikipedia.org/wiki/Wikipedia:AutornPortal	Wikipedia:AutornPortal – Boarische Wikipedia	Abkiarzung: [[WP:WP:P]] Abkiarzung: WP:P Abkiarzung: WP:P
https://bat-smg.wikipedia.org/wiki/Vikiped%C4%97j%C4%97:Kuolekt%C4%ABvs	Vikipedėjė:Kuolektīvs - Wikipedia	Ivairė teknėnē klausėmā: čė. Ivairė kalbuos klausėmā: čė.
https://be-tarask.wikipedia.org/wiki/%D0%92%D1%96%D0%BA%D1%96%D0%BF%D1%8D%D0%B4%D1%8B%D1%8F:%D0%A1%D1%83%D0%BF%D0%BE%D0%BB%D0%BA%D0%B0	Вікіпэдыя:Суполка — Вікіпэдыя	Тут будзе разьмешчаны сьпіс спасылак, якія маюць дачыненьня да стварэньня й падтрымліваньня супольнасьці ўдзельнікаў праекту.
https://be.wikipedia.org/wiki/%D0%92%D1%96%D0%BA%D1%96%D0%BF%D0%B5%D0%B4%D1%8B%D1%8F:%D0%A1%D1%83%D0%BF%D0%BE%D0%BB%D1%8C%D0%BD%D0%B0%D1%81%D1%86%D1%8C	Вікіпедыя:Супольнасць — Вікіпедыя	Пасольства · Форум · Апытанні · Галасаванні · Паведамленні пра памылкі · Абмеркаванне правіл · Запыты на статусы · Абмеркаванне катэгорый · Абмеркаванне шаблонаў
https://bew.wikipedia.org/wiki/Wikip%C3%A9di:Kaca-kaca_jema%27ah	Wikipédi:Kaca-kaca jema'ah - Wikipédi	Wikipédi:Kaca-kaca jema'ah - Wikipédi
https://bg.wikipedia.org/wiki/%D0%A3%D0%B8%D0%BA%D0%B8%D0%BF%D0%B5%D0%B4%D0%B8%D1%8F:%D0%9F%D0%BE%D1%80%D1%82%D0%B0%D0%BB_%D0%BD%D0%B0_%D0%BE%D0%B1%D1%89%D0%BD%D0%BE%D1%81%D1%82%D1%82%D0%B0	Уикипедия:Портал на общността – Уикипедия	Потребителски групи:
https://bh.wikipedia.org/wiki/%E0%A4%B5%E0%A4%BF%E0%A4%95%E0%A4%BF%E0%A4%AA%E0%A5%80%E0%A4%A1%E0%A4%BF%E0%A4%AF%E0%A4%BE:%E0%A4%B8%E0%A4%AE%E0%A4%BE%E0%A4%9C_%E0%A4%AA%E0%A4%A8%E0%A5%8D%E0%A4%A8%E0%A4%BE	विकिपीडिया:समाज पन्ना - विकिपीडिया	फेसबुक – ट्विट्टर
https://bjn.wikipedia.org/wiki/Lawang:Pawadahan	Lawang:Pawadahan - Wikipidia Banjar, kindai pangatahuan	Citakan:ArtikalLawangPawadahan
https://bn.wikipedia.org/wiki/%E0%A6%89%E0%A6%87%E0%A6%95%E0%A6%BF%E0%A6%AA%E0%A6%BF%E0%A6%A1%E0%A6%BF%E0%A6%AF%E0%A6%BC%E0%A6%BE:%E0%A6%B8%E0%A6%AE%E0%A7%8D%E0%A6%AA%E0%A7%8D%E0%A6%B0%E0%A6%A6%E0%A6%BE%E0%A6%AF%E0%A6%BC%E0%A7%87%E0%A6%B0_%E0%A6%AA%E0%A7%8D%E0%A6%B0%E0%A6%AC%E0%A7%87%E0%A6%B6%E0%A6%A6%E0%A7%8D%E0%A6%AC%E0%A6%BE%E0%A6%B0	উইকিপিডিয়া:সম্প্রদায়ের প্রবেশদ্বার - উইকিপিডিয়া	এটি এই পাতার একটি পরীক্ষিত সংস্করণ
https://br.wikipedia.org/wiki/Wikipedia:Porched_ar_gumuniezh	Wikipedia:Porched ar gumuniezh - Wikipedia	Kavout a reot war ar bajenn Degemer ar genlabourerien nevez an titouroù pennañ evit gellout kregiñ da genlabourat war Wikipedia. Gallout a rit sevel ur goulenn ivez ha mont da bleustriñ e-barzh ar poull-traezh. Kit da furchal un pennadig amzer e pep rann pe er pajennoù skoazel...
https://bs.wikipedia.org/wiki/Wikipedia:Vrata_zajednice	Wikipedia:Vrata zajednice - Wikipedia	.mw-parser-output .main-top{font-size:1rem;margin-top:1rem;padding-bottom:1.5rem}.mw-parser-output .main-top-left>p{font-size:0.875em;margin:0}.mw-parser-output .main-top-right{font-size:0.875em;margin-top:0.5em}.mw-parser-output .main-top-right>ul{display:none;margin-top:0.5r...
https://bug.wikipedia.org/wiki/Wikipedia:Portal_komunitas	Wikipedia:Panrung - Wikipedia	.mw-parser-output .module-clickable-button a{background-image:linear-gradient(to right,#f9f9f9 5%,transparent 40%)!important;border-color:transparent!important;z-index:-1;display:inline-block;box-sizing:border-box;margin:0;border-width:0px;border-style:solid;border-radius:0;ve...
https://ca.wikipedia.org/wiki/Viquip%C3%A8dia:Portal	Viquipèdia:Portal - Viquipèdia, l'enciclopèdia lliure	Benvinguts al portal viquipedista Informació sobre projectes en curs, polítiques d'edició wiki i tasques pendents de resoldre.
https://cbk-zam.wikipedia.org/wiki/Wikipedia:Portal_del_Comunidad	Wikipedia:Portal del Comunidad - Chavacano de Zamboanga Wikipedia - El Libre Enciclopedia	tl: Kapag gumagawa ng bagong talakayan na hindi Chavacano, puwede po gumamit ng Ingles o Tagalog.
https://ce.wikipedia.org/wiki/%D0%92%D0%B8%D0%BA%D0%B8%D0%BF%D0%B5%D0%B4%D0%B8:%D0%99%D1%83%D0%BA%D1%8A%D0%B0%D1%80%D0%B0%D0%BB%D0%BB%D0%B8%D0%BD_%D0%BA%D0%BE%D0%B2	Википеди:Йукъараллин ков — Википеди	ХӀинца, Википеди чохь, нохчийн маттахь 866&nbsp;607 йаззамаш бу.
https://ch.wikipedia.org/wiki/Wikipedia:Fanhaluman_komunida	Wikipedia:Fanhaluman komunida - Wikipedia	Create new section /archive
https://cho.wikipedia.org/wiki/Wikipedia:Community_Portal	Wikipedia:Community Portal - Wikipedia	Choctaw Wikipedia: Community Portal, messages:
https://ckb.wikipedia.org/wiki/%D9%88%DB%8C%DA%A9%DB%8C%D9%BE%DB%8C%D8%AF%DB%8C%D8%A7:%D8%AF%DB%95%D8%B1%D9%88%D8%A7%D8%B2%DB%95%DB%8C_%DA%A9%DB%86%D9%85%DB%95%DA%B5%DA%AF%D8%A7	ویکیپیدیا:دەروازەی کۆمەڵگا - ویکیپیدیا، ئینسایکڵۆپیدیای ئازاد	بەخێربێیت بۆ دەروازەی بەشداربووان
https://cs.wikipedia.org/wiki/Wikipedie:Port%C3%A1l_Wikipedie	Wikipedie:Portál Wikipedie – Wikipedie	Vítejte na Portálu Wikipedie!
https://csb.wikipedia.org/wiki/Wiki:P%C3%B2rtal_w%C3%ABcmanizn%C3%AB	Wiki:Pòrtal wëcmaniznë - Kaszëbskô Wikipedijô	Òbaczë téż:
https://cv.wikipedia.org/wiki/%D0%92%D0%B8%D0%BA%D0%B8%D0%BF%D0%B5%D0%B4%D0%B8:%D0%9F%D0%BE%D1%80%D1%82%D0%B0%D0%BB	Википеди:Портал — Википеди	Википеди:Портал — Википеди
https://cy.wikipedia.org/wiki/Wicipedia:Porth_y_Gymuned	Wicipedia:Porth y Gymuned - Wicipedia	Mae angen eich cymorth chi ar Wicipedia i ddatblygu'r wefan fwyaf yn y Gymraeg, y gall pawb ei olygu.
https://da.wikipedia.org/wiki/Wikipedia:Forside	Wikipedia:Forside - Wikipedia, den frie encyklopædi	Skribentforsiden er et centralt sted til at kunne finde ud af, hvad der sker på Wikipedia. Find ud af hvilke opgaver der skal fuldføres, hvilke artikler der kan skrives og skriv eller læs nyt om seneste eller nuværende Wikipedia-relaterede begivenheder.
https://de.wikipedia.org/wiki/Wikipedia:Autorenportal	Wikipedia:Autorenportal – Wikipedia	Hier findest du, was für das Mitmachen wichtig ist: Arbeitsmittel, Beteiligungsformen, aktuelle Entwicklungen, was die Wikipedia ist und was die Wikipedia nicht ist.
https://diq.wikipedia.org/wiki/Wikipediya:Portal%C3%AA_cemati	Wikipediya:Portalê cemati - Wikipedia	Hello. I'm sorry for not communicating in your language. I'll be grateful if you translated my message. I'm writing on behalf of the Web team working on the new skin, Vector 2022.
https://dv.wikipedia.org/wiki/%DE%88%DE%A8%DE%86%DE%A8%DE%95%DE%A9%DE%91%DE%A8%DE%87%DE%A7:%DE%A2%DE%A7%DE%82%DE%B0%DE%89%DE%AA_%DE%80%DE%AE%DE%85%DE%AA%DE%87%DE%A6%DE%81%DE%A8	ވިކިޕީޑިއާ:ޢާންމު ހޮޅުއަށި - ވިކިޕީޑިއާ	ފައްނު&nbsp;· ޙަޔާތުނާމާ&nbsp;· ޖުޣުރާފީ&nbsp;· ތާރީޚު&nbsp;· ރިޔާޟިއްޔާތު&nbsp;· ފަލްސަފާ&nbsp;· ޢުލޫމް&nbsp;· މުޖުތަމަޢު&nbsp;· ޓެކްނޮލޮޖީ
https://dz.wikipedia.org/wiki/Wikipedia:Community_Portal	Wikipedia:Community Portal - Wikipedia	Please give a bot bit to SieBot, so it will not flood your RC as it adds interwiki links using pywikipedia's interwiki.py. SieBot is active on 180 Wikipedias. See the user page of the bot for more details, or check a complete overview of its activities here. Cheers! Siebrand (...
https://en.wikipedia.org/wiki/Wikipedia:Community_portal	Wikipedia:Community portal - Wikipedia	Wikipedia:Community portal - Wikipedia
https://eo.wikipedia.org/wiki/Portalo:Komunumo	Portalo:Komunumo - Vikipedio	red. .mw-parser-output .mallongigo{background:#DDDDDD;margin-bottom:1em;text-align:center;color:black}@media screen{html.skin-theme-clientpref-night .mw-parser-output .mallongigo{background-color:#202122;color:white;border:1px solid #333333}html.skin-theme-clientpref-light .mw...
https://et.wikipedia.org/wiki/Vikipeedia:Kogukonnav%C3%A4rav	Vikipeedia:Kogukonnavärav – Vikipeedia	Tere tulemast Vikipeediasse!
https://eu.wikipedia.org/wiki/Atari:Komunitatea	Atari:Komunitatea - Wikipedia, entziklopedia askea.	Osteguna 6 abuztua 2026
https://ext.wikipedia.org/wiki/G%C3%BCiquipedia:Portal_dela_Comunid%C3%A1	Güiquipedia:Portal dela Comunidá - Güiquipedia	Información indexada por el motor Nuby.
https://fa.wikipedia.org/wiki/%D9%88%DB%8C%DA%A9%DB%8C%E2%80%8C%D9%BE%D8%AF%DB%8C%D8%A7:%D8%AF%D8%B1%DA%AF%D8%A7%D9%87_%D8%AC%D8%A7%D9%85%D8%B9%D9%87	ویکی‌پدیا:درگاه جامعه - ویکی‌پدیا، دانشنامهٔ آزاد	ویکی‌پدیا:درگاه جامعه - ویکی‌پدیا، دانشنامهٔ آزاد
https://fi.wikipedia.org/wiki/Wikipedia:Ajankohtaista	Wikipedia:Ajankohtaista – Wikipedia	[[Tiedosto:Semi protect.svg|20px|link=Wikipedia:Osittainen suojaus|Tämä {{ns}} on osittain suojattu muutoksilta. {{suojattu/päättymisaika}}]]&quot;}}"> .mw-parser-output .Ajankohtaista-otsikko{border:1px solid;font-size:110%;font-weight:bold;margin:0;padding:0.2em 0.8em}.mw-pa...
https://fj.wikipedia.org/wiki/Wikipedia:Soqosoqo_toso	Wikipedia:Soqosoqo toso - Wikipedia	Note: Apologies for cross-posting and sending in English.
https://fo.wikipedia.org/wiki/Wikipedia:Fors%C3%AD%C3%B0a	Wikipedia:Forsíða - Wikipedia	Wikipedia er bæði ein alfrøði og eitt wiki.
https://fr.wikipedia.org/wiki/Wikip%C3%A9dia:Accueil_de_la_communaut%C3%A9	Wikipédia:Accueil de la communauté — Wikipédia	Cette page présente les aspects communautaires de Wikipédia en français, son actualité, ainsi que les principales règles et requêtes qui se sont peu à peu mises en place, pour assurer la maintenance de Wikipédia et pour faciliter la communication entre les participants.
https://frr.wikipedia.org/wiki/Wikipedia:Gemiinschap	Wikipedia:Gemiinschap – Wikipedia	Jodiar artiikler skel hal skrewen of ferbeedert wurd (sait Meta-Wiki)
https://fur.wikipedia.org/wiki/Vichipedie:Port%C3%A2l_de_comunit%C3%A2t	Vichipedie:Portâl de comunitât - Vichipedie	Vinars ai 7 di Avost 2026
https://fy.wikipedia.org/wiki/Wikipedy:Mienskip	Wikipedy:Mienskip - Wikipedy	Wolkom yn de mienskip!
https://ga.wikipedia.org/wiki/Vicip%C3%A9id:L%C3%A1rionad_comhphobail	Vicipéid:Lárionad comhphobail - Vicipéid	Tá gá ag Vicipéid LEATSA! Is amhlaidh atáimid uile ag tógáil ollchiclipéide agus pobail as Gaeilge. Tugann seo deis do dhaoine a gcuid Gaeilge a chleachtadh agus rudaí nua a fhoghlaim. Thig leat alt nua a chumadh nó alt reatha a chur in eagar ach an cnaipe "Cuir in eagar" a bh...
https://gan.wikipedia.org/wiki/Wikipedia:%E7%A4%BE%E5%8D%80	Wikipedia:社區 - 維基百科	Información indexada por el motor Nuby.
https://gd.wikipedia.org/wiki/Uicipeid:Doras_na_coimhearsnachd	Uicipeid:Doras na coimhearsnachd - Uicipeid	A bheil adhbhar nach eil 'Permanent link' air eadar-theangachadh oir tha e coimhead àraidh a bhith anns a' Bheurla air a h-uile duilleag?
https://gl.wikipedia.org/wiki/Wikipedia:Portal_da_comunidade	Wikipedia:Portal da comunidade - Wikipedia, a enciclopedia libre	Wikipedia:Portal da comunidade - Wikipedia, a enciclopedia libre
https://gn.wikipedia.org/wiki/Vikipet%C3%A3:Tekohapegua	Vikipetã:Tekohapegua - Vikipetã	Reikuaaporãsérõ peteĩ mba'e, eike Vikipetã oĩva España ñe'ẽme, upépe eiporavo pe mba'e reikuaaporãséva ha embohasa upe mba'e Guaraníme.
https://gor.wikipedia.org/wiki/Wikipedia:B%C5%ABbu%27a_l%C4%93mbo%27a	Wikipedia:Būbu'a lēmbo'a - Wikipedia	Dear Wiki Community,
https://gpe.wikipedia.org/wiki/Wikipedia:Community_portal	Wikipedia:Community portal - Wikipedia	Dis page dey provide a listing of current collaborations, tasks, den news about Ghanaian Pidgin Wikipedia. New to Ghanaian Pidgin Wikipedia? Spy de contributing to Wikipedia page anaa wona tutorial for everything you dey hia make you know you fi started. For a listing of inter...
https://gu.wikipedia.org/wiki/%E0%AA%B5%E0%AA%BF%E0%AA%95%E0%AA%BF%E0%AA%AA%E0%AB%80%E0%AA%A1%E0%AA%BF%E0%AA%AF%E0%AA%BE:Community_Portal	વિકિપીડિયા:Community Portal - વિકિપીડિયા	આ યાદી વિકિપીડિયાનાં બહોળા કાર્યક્ષેત્રને આવરી લેતી પ્રવૃત્તિઓનો સમાવેશ કરે છે.
https://gv.wikipedia.org/wiki/Wikipedia:Ynnyd_y_phobble	Wikipedia:Ynnyd y phobble - Wikipedia	Apologies for the English language post. Before Christmas I posted about this event Revitalising UK history (Series 2) however due to a tech issue it has had to be rescheduled for Saturday 17th January 2026
https://ha.wikipedia.org/wiki/Wikipedia:Kofan_al%27umma	Wikipedia:Kofan al'umma - Wikipedia	Assalamu alaikum al’ummar Hausa Wikipedia, Ina so na sanar da ku cewa na gabatar da wani proposal a shirin tallafin (Nigeria National Funding Program) domin inganta aikin Hausa Wikiquote wanda yake a Incubator tun a shekarar 2022 amma har yanzu ba a amince da shi a matsayin ci...
https://hak.wikipedia.org/wiki/Wikipedia:Sa-kh%C3%AE	Wikipedia:Sa-khî - 自由編輯个維基百科	== Sa-khî ==
https://he.wikipedia.org/wiki/%D7%95%D7%99%D7%A7%D7%99%D7%A4%D7%93%D7%99%D7%94:%D7%A9%D7%A2%D7%A8_%D7%94%D7%A7%D7%94%D7%99%D7%9C%D7%94	ויקיפדיה:שער הקהילה – ויקיפדיה	שער הקהילה מציג את הנושאים העיקריים העומדים על סדר היום בקהילת ויקיפדיה. משתמשים חדשים מוזמנים לבקר בדף ויקיפדיה:ברוכים הבאים ובדף העזרה הראשי. ניתן לשאול שאלות בדלפק הייעוץ (בנושאים הקשורים בכתיבה בוויקיפדיה), בדף הכה את המומחה (בעניינים כלליים) או בעניינים לשוניים.
https://hi.wikipedia.org/wiki/%E0%A4%B5%E0%A4%BF%E0%A4%95%E0%A4%BF%E0%A4%AA%E0%A5%80%E0%A4%A1%E0%A4%BF%E0%A4%AF%E0%A4%BE:%E0%A4%B8%E0%A4%AE%E0%A4%BE%E0%A4%9C_%E0%A4%AE%E0%A5%81%E0%A4%96%E0%A4%AA%E0%A5%83%E0%A4%B7%E0%A5%8D%E0%A4%A0	विकिपीडिया:समाज मुखपृष्ठ - विकिपीडिया	विकिपीडिया:समाज मुखपृष्ठ - विकिपीडिया
https://ho.wikipedia.org/wiki/Wikipedia:Community_Portal	Wikipedia:Community Portal - Wikipedia	AspieNetWiki:Sandbox
https://hu.wikipedia.org/wiki/Port%C3%A1l:K%C3%B6z%C3%B6ss%C3%A9g	Portál:Közösség – Wikipédia	Ez a lap egy ellenőrzött változata
https://hz.wikipedia.org/wiki/Wikipedia:Community_Portal	Wikipedia:Community Portal - Wikipedia	(English)
https://ia.wikipedia.org/wiki/Wikipedia:Portal_del_communitate	Wikipedia:Portal del communitate - Wikipedia, le encyclopedia libere	Wikipedia:Portal del communitate - Wikipedia, le encyclopedia libere
https://iba.wikipedia.org/wiki/Wikipedia:Portal_komuniti	Wikipedia:Portal komuniti - Wikipedia	Hello Wikipedians,
https://id.wikipedia.org/wiki/Portal:Komunitas	Portal:Komunitas - Wikipedia bahasa Indonesia, ensiklopedia bebas	Perihal Wikipedia
https://ie.wikipedia.org/wiki/Wikipedia:P%C3%A1gine_del_comunit%C3%A9	Wikipedia:Págine del comunité - Wikipedia	Bonvenit pri li págine del comunité Wikipedia. Wikipedia es simultanmen un enciclopedie e un comunité wiki. Ples regardar li modificationes recent e ante comensar vor labor ples aprender qualmen modificar e comensar un págine. Si vu comensa un págine, ples egardar de selecter ...
https://ig.wikipedia.org/wiki/Wikipedia:Nz%E1%BB%8Dr_ogbako	Wikipedia:Nzọr ogbako - Wikipedia, Njikotá édémédé nke onyobulạ	English
https://ii.wikipedia.org/wiki/Wikipedia:%E7%A4%BE%E5%8C%BA	Wikipedia:社区 - Wikipedia	Please give a bot bit to SieBot, so it will not flood your RC as it adds interwiki links using pywikipedia's interwiki.py. SieBot is active on 200 Wikipedias. See the user page of the bot for more details, or check a complete overview of its activities here. Cheers! Siebrand (...
https://ik.wikipedia.org/wiki/Wikipedia:Community_Portal	Wikipedia:Community Portal - Wikipedia	Embassy
https://ilo.wikipedia.org/wiki/Wikipedia:Portal_ti_komunidad	Wikipedia:Portal ti komunidad - Wikipedia, ti nawaya nga ensiklopedia	Naragsak a panagdadanon kadakayo amin apo!
https://inh.wikipedia.org/wiki/%D0%92%D0%B8%D0%BA%D0%B8%D0%BF%D0%B5%D0%B4%D0%B8:%D0%AE%D0%BA%D1%8A%D0%B0%D1%80%D0%B0_%D0%BA%D0%BE%D0%B2	Википеди:Юкъара ков — Википеди	Пожалуйста, помогите перевести на ваш язык
https://io.wikipedia.org/wiki/Wikipedio:Portalo_di_la_komunitato	Wikipedio:Portalo di la komunitato - Wikipedio	Wikipedio:Portalo di la komunitato - Wikipedio
https://is.wikipedia.org/wiki/Wikipedia:Samf%C3%A9lagsg%C3%A1tt	Wikipedia:Samfélagsgátt - Wikipedia, frjálsa alfræðiritið	Auk þess að vera frjálst alfræðirit er Wikipedia einnig fjölþjóðlegt samfélag á netinu sem þú getur tekið þátt í sem hver annar. Skoðaðu hjálpina, spurðu spurninga í pottinum eða einfaldlega fiktaðu þig áfram. Nýliðar eru boðnir velkomnir og eru beðnir um að skrá sig inn – en ...
https://it.wikipedia.org/wiki/Portale:Comunit%C3%A0	Portale:Comunità - Wikipedia	In questa pagina sono raccolte le politiche e le linee guida generali di Wikipedia, utili se hai il piacere di contribuire allo sviluppo di questa enciclopedia. Nella sezione manuali, troverai indicazioni più specifiche per modificare una pagina esistente o iniziarne una nuova...
https://ja.wikipedia.org/wiki/Wikipedia:%E3%82%B3%E3%83%9F%E3%83%A5%E3%83%8B%E3%83%86%E3%82%A3%E3%83%BB%E3%83%9D%E3%83%BC%E3%82%BF%E3%83%AB	Wikipedia:コミュニティ・ポータル - Wikipedia	Wikipedia:コミュニティ・ポータル - Wikipedia
https://jam.wikipedia.org/wiki/Wikipidia:Komiuniti_puotal	Wikipidia:Komiuniti puotal - Wikipidia	Welkom tu di Komiuniti puotal
https://jv.wikipedia.org/wiki/Gapura:Paguyuban	Gapura:Paguyuban - Wikipédia	Papan parembugan Angkringan (Basa - Niti - Tèhnis - Usul - Liyané) Nulis artikel/Nyerat artikel Sugeng rawuh! - Bak wedhi - Aturan - Hak cipta - Miwiti kaca anyar - Mbesut kaca - Paugeran tata panggon - Pasang aksara (éjaan) - Pitulungan kanggo ngetik aksara Jawa ing Wikipédia...
https://ka.wikipedia.org/wiki/%E1%83%95%E1%83%98%E1%83%99%E1%83%98%E1%83%9E%E1%83%94%E1%83%93%E1%83%98%E1%83%90:%E1%83%A1%E1%83%90%E1%83%96%E1%83%9D%E1%83%92%E1%83%90%E1%83%93%E1%83%9D%E1%83%94%E1%83%91%E1%83%98%E1%83%A1_%E1%83%92%E1%83%95%E1%83%94%E1%83%A0%E1%83%93%E1%83%94%E1%83%91%E1%83%98	ვიკიპედია:საზოგადოების გვერდები - ვიკიპედია	ჩვენ ძალიან გვახარებს თქვენი დაინტერესება პროექტით.
https://kaa.wikipedia.org/wiki/Wikipedia:J%C3%A1miyet_portal%C4%B1	Wikipedia:Jámiyet portalı — Qaraqalpaqsha Wikipedia	Bunı basqa tilde oqiń • Bul kóp tilli informaciya byulletenine jazılıwlar dizimi
https://kcg.wikipedia.org/wiki/Wukipedia:A%CC%B1na%CC%B1nwuai_sot-%C3%A1%CC%B1niet	Wukipedia:A̱na̱nwuai sot-á̱niet - Wikipedia	Á̱ lyuut ati̱kut wuni di̱n Tyap Maba̱ta̱do ja (Maba̱ta̱do)
https://kg.wikipedia.org/wiki/Wikipedia:Community_Portal	Wikipedia:Community Portal - Wikipedia	Mikanda ya kala ezwami na kati ya mikanda ya kala oyo ezali na se.
https://kk.wikipedia.org/wiki/%D0%A3%D0%B8%D0%BA%D0%B8%D0%BF%D0%B5%D0%B4%D0%B8%D1%8F:%D2%9A%D0%B0%D1%83%D1%8B%D0%BC_%D0%BF%D0%BE%D1%80%D1%82%D0%B0%D0%BB%D1%8B	Уикипедия:Қауым порталы — Уикипедия	Уикипедия — бұл тек энциклопедия ғана емес, сонымен бірге бұл онлайн қауымдастық. Барлық қатысушыларды тілімізге деген жанашырлық және білімге деген құштарлық біріктіреді. Мақалаларда кездесетін алуан түрлі қателерді жөндеуге іркілмеңіз! Жұмылған әрекет негізінде ана тілімізде...
https://km.wikipedia.org/wiki/%E1%9E%9C%E1%9E%B7%E1%9E%82%E1%9E%B8%E1%9E%97%E1%9E%B8%E1%9E%8C%E1%9E%B6:%E1%9E%95%E1%9E%8F%E1%9E%90%E1%9E%9B%E1%9E%9F%E1%9E%A0%E1%9E%82%E1%9E%98%E1%9E%93%E1%9F%8D	វិគីភីឌា:ផតថលសហគមន៍ - វិគីភីឌា	Hello and sorry for writing in English. Can anyone help me translate a small article (2 paragraphs) from English to your language and create the article in your wiki? Please, fell free to answer in my talk page in your wiki anytime. Thanks! Xaris333 (ការពិភាក្សា) ម៉ោង០០:១៥ ថ្ង...
https://kn.wikipedia.org/wiki/%E0%B2%B5%E0%B2%BF%E0%B2%95%E0%B2%BF%E0%B2%AA%E0%B3%80%E0%B2%A1%E0%B2%BF%E0%B2%AF:%E0%B2%B8%E0%B2%AE%E0%B3%81%E0%B2%A6%E0%B2%BE%E0%B2%AF_%E0%B2%AA%E0%B3%81%E0%B2%9F	ವಿಕಿಪೀಡಿಯ:ಸಮುದಾಯ ಪುಟ - ವಿಕಿಪೀಡಿಯ	ಇದು ಕನ್ನಡ ವಿಕಿಪೀಡಿಯದ ಸಮುದಾಯ ಪುಟ. ವಿಕಿಪೀಡಿಯದಲ್ಲಿ ಪ್ರಸಕ್ತವಾಗಿ ಏನು ನಡೆಯುತ್ತಿದೆ ಮತ್ತು ಎಲ್ಲರೂ ಹೇಗೆ ಭಾಗವಹಿಸಬಹುದು ಎಂಬ ಮಾಹಿತಿ ಇಲ್ಲಿ ದೊರಕುತ್ತದೆ.
https://knc.wikipedia.org/wiki/Wikipedia:Community_Portal	Wikipedia:Community Portal - Wikipedia	Wikipedia Community Portal Adamgana woso kambe katambo ye daraja-a hakkiwa-ason kalkalye. Hankal-a nazaru-asoro kəzəpkə ye suro hal nəmharamiben kamazasoga letaiyin ye.
https://ko.wikipedia.org/wiki/%EC%9C%84%ED%82%A4%EB%B0%B1%EA%B3%BC:%EC%82%AC%EC%9A%A9%EC%9E%90_%EB%AA%A8%EC%9E%84	위키백과:사용자 모임 - 위키백과, 우리 모두의 백과사전	위키백과 사용자 모임
https://ksh.wikipedia.org/wiki/Wikipedia:Metmaacher_Pooz	Wikipedia:Metmaacher Pooz — Wikipedia	Heä finkgs do Hülp unn kiss verzallt wi et heä all jäĳt. Om Spillplaz kannß De eröm probiere.
https://ku.wikipedia.org/wiki/W%C3%AEk%C3%AEpediya:Portala_kom%C3%AA	Wîkîpediya:Portala komê - Wîkîpediya	Gotarên bipirsgirêk
https://kv.wikipedia.org/wiki/%D0%92%D0%B8%D0%BA%D0%B8%D0%BF%D0%B5%D0%B4%D0%B8%D1%8F:%D0%99%D0%B8%D1%82%D1%87%D3%A7%D0%BC_%D0%BF%D0%BE%D1%80%D1%82%D0%B0%D0%BB	Википедия:Йитчӧм портал — Wikipedia	Dear Wikimedia communities,
https://kw.wikipedia.org/wiki/Wikipedia:Porth_an_gemeneth	Wikipedia:Porth an gemeneth - Wikipedia	Hwi a yll:
https://la.wikipedia.org/wiki/Vicipaedia:Porta_communis	Vicipaedia:Taberna - Vicipaedia	Vicipaedia:Taberna - Vicipaedia
https://lad.wikipedia.org/wiki/Vikipedya:Portal_de_la_komunit%C3%A1	Vikipedya:Portal de la komunitá - Vikipedya	viernes 7 agosto 2026
https://lb.wikipedia.org/wiki/Wikipedia:Communaut%C3%A9itss%C3%A4it	Wikipedia:Communautéitssäit – Wikipedia	Op eiser Wëllkomm-Säit fir nei Mataarbechter fannt Dir déi wichtegst Informatioune fir bei der Wikipedia matzemaachen. Dir kënnt natierlech och eng Fro stellen oder an der Sandkaul ronderëmspillen. Dir kënnt Iech natierlech och registréieren.
https://lbe.wikipedia.org/wiki/%D0%92%D0%B8%D0%BA%D0%B8%D0%BF%D0%B5%D0%B4%D0%B8%D1%8F:%D0%96%D1%8F%D0%BC%D0%B0%D1%82%D1%80%D0%B0%D0%BB_%D0%BA%D3%80%D0%B0%D0%BD%D1%83	Википедия:Жяматрал кӀану — Википедия	Форум (Архив 2010 · 2020 · 2021 · 2022 · 2025)Жяматрал кӀану (Архив 2011)Абурсса макьаларду
https://lez.wikipedia.org/wiki/%D0%92%D0%B8%D0%BA%D0%B8%D0%BF%D0%B5%D0%B4%D0%B8%D1%8F:%D0%9A%D3%80%D0%B0%D0%BF%D3%80%D0%B0%D0%BB%D0%B4%D0%B8%D0%BD_%D0%BF%D0%BE%D1%80%D1%82%D0%B0%D0%BB	Википедия:КӀапӀалдин портал — Википедия	КӀапӀалдин портал Форум: Кьилин форум · Хабарар · Хкягъ авун · Гафалаг 1000 · Конкурсар · Викигьалтун · Пресса чакай Макъала: Хкягъай макъала · Хъсан макъала · Хкягъай сиягьар Проектар: География · Дагъустан
https://lfn.wikipedia.org/wiki/Vicipedia:Porton_de_comunia	Vicipedia:Porton de comunia - Vicipedia	Bonveni a la Porton de Comunia
https://lij.wikipedia.org/wiki/Wikipedia:P%C3%B2rtego_da_comunit%C3%A6	Wikipedia:Pòrtego da comunitæ - Wikipedia	Statistiche dexénbre 2023. lij.wiki a l'é a-o 162° pòsto, con 11.212 paggine de contegnûi e con 1.997.383 pòule in tùtte e paggine de contegnûo. A meddia de modiffiche pe paggina a l'é 9,02. E Biografie son 771. E Vôxe biografiche con còdici de contròllo de outoritæ son 561. E...
https://lmo.wikipedia.org/wiki/Wikipedia:Portal_de_la_comunit%C3%A0	Wikipedia:Portal de la comunità - Wikipedia	(per tucce i regolle varda Categoria:Regole de la Wikipedia)
https://lo.wikipedia.org/wiki/%E0%BA%A7%E0%BA%B4%E0%BA%81%E0%BA%B4%E0%BA%9E%E0%BA%B5%E0%BB%80%E0%BA%94%E0%BA%8D:%E0%BA%9B%E0%BA%B0%E0%BA%95%E0%BA%B9%E0%BA%AA%E0%BA%B9%E0%BB%88%E0%BA%8A%E0%BA%B8%E0%BA%A1%E0%BA%8A%E0%BA%BB%E0%BA%99	ວິກິພີເດຍ:ປະຕູສູ່ຊຸມຊົນ - ວິກິພີເດຍ	Dear Wikimedia communities,
https://lt.wikipedia.org/wiki/Vikipedija:Bendruomen%C4%97	Vikipedija:Bendruomenė – Vikipedija	Tai yra lietuviškosios Vikipedijos bendruomenės tinklalapis. Šiame puslapyje pateikiama informacija veikliems šios Vikipedijos dalyviams, o ir norintiems prie jos prisidėti. Ir Tu gali kurti Laisvąją enciklopediją lietuvių kalba. Jei norite griebtis darbo, bet nežinote nuo ko ...
https://mad.wikipedia.org/wiki/Wikip%C3%A8%E1%B8%8Dia:Sorambhi_pemaoran	Wikipèḍia:Sorambhi pemaoran - Wikipèḍia bhâsa Madhurâ	Hi Boesenbergia, Alfiyah Rizzy Afdiquni, Pinerineks, Mochammad Fadli. Thank you very much for your huge efforts and congratulation on the creation of Madurese Wikipedia. Best regards --Holder (kanḍhâ) 23:26, 15 Dèsèmber 2020 (WIB)
https://map-bms.wikipedia.org/wiki/Wikipedia:Portal_komunitas	Wikipedia:Portal komunitas - Wikipedia	Sugeng teka nang Portal Komunitas Wikipedia Basa Banyumasan
https://mdf.wikipedia.org/wiki/%D0%92%D0%B8%D0%BA%D0%B8%D0%BF%D0%B5%D0%B4%D0%B8%D0%B5%D1%81%D1%8C:%D0%9F%D1%83%D1%80%D0%BE%D0%BC%D0%BA%D1%81%D0%BE%D0%BD%D1%8C_%D0%B2%D0%B0%D0%BB%D1%8C%D0%BC%D0%B0	Википедиесь:Пуромксонь вальма — Википедиесь	Please, put your requests to a special page: Википедиесь:Робот програпне. Thank you for help.--Khazar II 22:33, 8 Июньков 2008 (UTC)
https://mg.wikipedia.org/wiki/Wikipedia:Fikambanana	Wikipedia:Fikambanana — Wikipedia	Pejy rehetra · Sokajy · Fikambanana · Fanoroana
https://mh.wikipedia.org/wiki/Wikipedia:Community_Portal	Wikipedia:Community Portal - Wikipedia	Wikipedia:Community Portal - Wikipedia
https://mhr.wikipedia.org/wiki/%D0%92%D0%B8%D0%BA%D0%B8%D0%BF%D0%B5%D0%B4%D0%B8%D0%B9:%D0%A2%D3%B1%D1%88%D0%BA%D0%B0	Википедий:Тӱшка — Википедий	Эта страница для общего обсуждения проекта в целом.
https://mi.wikipedia.org/wiki/Wikipedia:Tomokanga_hapori	Wikipedia:Tomokanga hapori - Wikipedia	Engari, e hoa mā, ahakoa te kaha hiahia o te ngākau kia tū ko tēnei mātāpunenga hei taonga mō te katoa, he maha noa atu ngā tuhipānui he maramara noa iho. Mā wai e whakaroa ake? He maha ngā tuhipānui e hē ana te takoto me te rere o te reo. Mā wai e whakapai ake? He maha ngā tu...
https://min.wikipedia.org/wiki/Portal:Komunitas	Portal:Komunitas - Wikipedia baso Minang	Portal komunitas adolah tautamo untuak mancari informasi tantang apo sajo nan tajadi di Wikipedia. Carilah informasi manganai karajo apo sajo nan paralu disalasaian, dan baco atau laporkan barito tantang kagiatan tabaru Wikipedia.
https://mk.wikipedia.org/wiki/%D0%92%D0%B8%D0%BA%D0%B8%D0%BF%D0%B5%D0%B4%D0%B8%D1%98%D0%B0:%D0%9F%D0%BE%D1%80%D1%82%D0%B0%D0%BB	Википедија:Портал — Википедија	Заедно градиме енциклопедија и вики заедница. Можете да уредувате и создавате статии токму во овој момент.
https://ml.wikipedia.org/wiki/%E0%B4%B5%E0%B4%BF%E0%B4%95%E0%B5%8D%E0%B4%95%E0%B4%BF%E0%B4%AA%E0%B5%80%E0%B4%A1%E0%B4%BF%E0%B4%AF:%E0%B4%B5%E0%B4%BF%E0%B4%95%E0%B5%8D%E0%B4%95%E0%B4%BF_%E0%B4%B8%E0%B4%AE%E0%B5%82%E0%B4%B9%E0%B4%82	വിക്കിപീഡിയ:വിക്കി സമൂഹം - വിക്കിപീഡിയ	മലയാളം വിക്കിപീഡിയ ഉപയോക്താക്കളുടെ സംഗമ വേദിയാണ്‌ വിക്കി സമൂഹം‌. മലയാളം വിക്കിപീഡിയയിൽ എന്തൊക്കെ നടക്കുന്നു എന്നറിയാൻ ഈ വേദി സഹായകമാകും. പൊതുവായ അറിയിപ്പുകളും നിർദ്ദേശങ്ങളും ഇവിടെ കാണാം.
https://mn.wikipedia.org/wiki/%D0%92%D0%B8%D0%BA%D0%B8%D0%BF%D0%B5%D0%B4%D0%B8%D0%B0:%D0%91%D2%AF%D0%BB%D0%B3%D1%8D%D0%BC%D0%B8%D0%B9%D0%BD_%D0%BF%D0%BE%D1%80%D1%82%D0%B0%D0%BB	Википедиа:Бүлгэмийн портал — Википедиа нэвтэрхий толь	Бүлгэмийн порталд тавтай морилно уу. Энэ бол Википедиад юу болж байгаа талаар мэдэх гол газар юм.
https://mnw.wikipedia.org/wiki/%E1%80%9D%E1%80%B3%E1%80%80%E1%80%B3%E1%80%95%E1%80%B3%E1%80%92%E1%80%B3%E1%80%9A%E1%80%AC:%E1%80%95%E1%80%AB%E1%80%84%E1%80%BA%E1%80%99%E1%80%AF%E1%80%80%E1%80%BA_%E1%80%82%E1%80%80%E1%80%B1%E1%80%AC%E1%80%B6	ဝဳကဳပဳဒဳယာ:ပါင်မုက် ဂကောံ - ဝဳကဳပဳဒဳယာ	In consideration of a week-long internet block in Iran, Wikipedia Asian Month 2019 contest has been extended for a week past November. The articles submitted till 7th December 2019, 23:59 UTC will be accepted by the fountain tools of the participating wikis.
https://mr.wikipedia.org/wiki/%E0%A4%B5%E0%A4%BF%E0%A4%95%E0%A4%BF%E0%A4%AA%E0%A5%80%E0%A4%A1%E0%A4%BF%E0%A4%AF%E0%A4%BE:%E0%A4%B8%E0%A4%AE%E0%A4%BE%E0%A4%9C_%E0%A4%AE%E0%A5%81%E0%A4%96%E0%A4%AA%E0%A5%83%E0%A4%B7%E0%A5%8D%E0%A4%A0	विकिपीडिया:समाज मुखपृष्ठ - विकिपीडिया	Do not know Marathi? Then please leave your comment at Wikipedia Embassy
https://ms.wikipedia.org/wiki/Wikipedia:Gerbang_Komuniti	Wikipedia:Gerbang Komuniti - Wikipedia Bahasa Melayu, ensiklopedia bebas	Wikipedia:Gerbang Komuniti - Wikipedia Bahasa Melayu, ensiklopedia bebas
https://mwl.wikipedia.org/wiki/Biquip%C3%A9dia:Portal_de_la_quemunidade	Biquipédia:Portal de la quemunidade - Biquipédia	Admenistradores
https://my.wikipedia.org/wiki/%E1%80%9D%E1%80%AE%E1%80%80%E1%80%AE%E1%80%95%E1%80%AE%E1%80%B8%E1%80%92%E1%80%AE%E1%80%B8%E1%80%9A%E1%80%AC%E1%80%B8:Community_Portal	ဝီကီပီးဒီးယား:Community Portal - ဝီကီပီးဒီးယား	၁, ၂, ၃, ၄, ၅, ၆, ၇, ၈, ၉, ၁၀၁၁
https://myv.wikipedia.org/wiki/%D0%92%D0%B8%D0%BA%D0%B8%D0%BF%D0%B5%D0%B4%D0%B8%D1%8F%D1%81%D1%8C:%D0%92%D0%B5%D0%B9%D1%81%D1%8D%D0%BD%D1%8C_%D0%B2%D0%B0%D0%BB%D1%8C%D0%BC%D0%B0	Википедиясь:Вейсэнь вальма — Википедиясь	Вейсэнь вальма Мелькужо&nbsp;• Вейсэнь&nbsp;• Кулят&nbsp;• Администраторт&nbsp;• Ютавтомань стакачи 1000&nbsp;• Марафон&nbsp;• Викивастомат Лопат: Кочказь лопат&nbsp;• Вадря лопат&nbsp;• Кочказь лопапурнавкст ды порталт Проектт: География
https://na.wikipedia.org/wiki/Wikipedia:Community_Portal	Wikipedia:Community Portal - Wikipedia	Template:NOEDIT Ekamowir Omo wono epo n ecclesia dorum
https://nap.wikipedia.org/wiki/Wikipedia:Porta_d%27%27a_cummunet%C3%A0	Wikipedia:Porta d''a cummunetà - Wikipedia	Si vuò dà na mana a sviluppà chesta enciclopedía, pe favore, primma lieggete quale song'ê rrègule e 'e 'nfurmazzione prencepale generale 'e Wikipedia, cca sotto a sinistra. Dinte 'a sezione manuale, invece, truvarraie 'nfurmazzione cchiù particulare pe Ajùto:Comme se cagna na ...
https://nds-nl.wikipedia.org/wiki/Wikipedia:Gemeynskapsportaal	Wikipedia:Gemeynskapsportaal - Wikipedia	Información indexada por el motor Nuby.
https://nds.wikipedia.org/wiki/Wikipedia:Portal	Wikipedia:Portal – Wikipedia	Wikipedia is ene Enzyklopädie un en Wiki. Du kannst in Wikipedia to elk Tiet Sieden ännern! Besöök de Speelwisch, wenn du dat utprobeern willst. Fragen to de Wikipedia kannst op Ik bruuk Hülp stellen, oder du kiekst op de Siet Wikipedia:Hülp. Du kannst di ok anmellen, dat du v...
https://new.wikipedia.org/wiki/%E0%A4%B5%E0%A4%BF%E0%A4%95%E0%A4%BF%E0%A4%AA%E0%A4%BF%E0%A4%A1%E0%A4%BF%E0%A4%AF%E0%A4%BE:%E0%A4%B8%E0%A4%A4%E0%A4%83_%E0%A4%AB%E0%A4%B2%E0%A5%8D%E0%A4%9A%E0%A4%BE	विकिपिडिया:सतः फल्चा - Wikipedia	The Wikimedia Foundation, at the direction of the Board of Trustees, will be holding a vote to determine whether members of the community support the creation and usage of an opt-in personal image filter, which would allow readers to voluntarily screen particular types of imag...
https://ng.wikipedia.org/wiki/Wikipedia:Community_Portal	Wikipedia:Community Portal - Wikipedia	Wimbba harranga! Hada Wikipedia, rastafo naluchinala kwakka swafoto anstigolobadi. Hebba wimbba nali, Ifrikabi anstigolobadi, hatu kunt.
https://nia.wikipedia.org/wiki/Wikipedia:Bawag%C3%B6li_zato	Wikipedia:Bawagöli zato - Wikipedia	Ya'ahowu! No tohare'ö ba Mbawagöli zato. Ba da'a so ngawalö wanuturu solohe ya'ita ba nahia bö'ö bakha ba Wikipedia.
https://nl.wikipedia.org/wiki/Portaal:Gebruikersportaal	Portaal:Gebruikersportaal - Wikipedia	Welkom! · Snelcursus · Terminologie · Helpoverzicht · Helpindex · Helpdesk · Cafés · Navigatie naar artikelen · Gebruikersportaal · Wikiprojecten · Contact
https://nn.wikipedia.org/wiki/Wikipedia:Arbeidskontoret	Wikipedia:Arbeidskontoret – Wikipedia	Du kan endra dei fleste sidene med eller utan ein brukarkonto. Overalt der det står «endre» kan kven som helst legga inn nytt stoff eller retta på gammalt, men ikkje legg inn tull. I sandkassa kan du prøva ut endringar utan å øydelegga for andre.
https://no.wikipedia.org/wiki/Wikipedia:Portal	Wikipedia:Portal – Wikipedia	Språkutgaven av Wikipedia på bokmål og riksmål har 723 551 registrerte brukere. 1 526 av oss har vært aktive den siste måneden. Av totalt 1 893 827 sider, utgjør 687 377 leksikonartikler.
https://ny.wikipedia.org/wiki/Wikipedia:Chiwombankhanga_cha_anthu	Wikipedia:Chiwombankhanga cha anthu - Wikipedia	Mwalandilidwa
https://oc.wikipedia.org/wiki/Wikip%C3%A8dia:Comunautat	Wikipèdia:Comunautat — Wikipèdia	Wikipèdia:Comunautat — Wikipèdia
https://olo.wikipedia.org/wiki/Wikipedii:Portualu	Wikipedii:Portualu – Wikipedii	Arhiivu:
https://or.wikipedia.org/wiki/%E0%AC%89%E0%AC%87%E0%AC%95%E0%AC%BF%E0%AC%AA%E0%AC%BF%E0%AC%A1%E0%AC%BC%E0%AC%BF%E0%AC%86:%E0%AC%B8%E0%AC%99%E0%AD%8D%E0%AC%98_%E0%AC%B8%E0%AD%82%E0%AC%9A%E0%AC%A8%E0%AC%BE_%E0%AC%AB%E0%AC%B3%E0%AC%95	ଉଇକିପିଡ଼ିଆ:ସଙ୍ଘ ସୂଚନା ଫଳକ - ଉଇକିପିଡ଼ିଆ	\\n\\nThe above tag will show the text next to a speaker icon, and clicking on it will play the audio instantly without taking you to another page. A common example where you can use this feature is in adding pronunciation to words as illustrated on the [[wiktionary:en:English#P...
https://pag.wikipedia.org/wiki/Wikipedia:Pwerta_na_Komyunidad	Wikipedia:Pwerta na Komyunidad - Wikipedia	No walay tepet yo nipaakar ed saray artikulo ed ayan Wikipedia, sarag kayon mangitilak na mensahe ed bolong ya Kaleskesan. Sarag yo met so imbisita ed Wikipedia:Embassy. For non-speakers of Salitan Pangasinan: If you have any concerns regarding articles in this Wikipedia, plea...
https://pap.wikipedia.org/wiki/Wikipedia:Portal_di_komunidat	Wikipedia:Portal di komunidat - Wikipedia, e ensiklopedia liber	Hello Wikipedians,
https://pdc.wikipedia.org/wiki/Wikipedia:Community_Portal	Wikipedia:Community Portal – Wikipedia	Wikipedia:Community Portal – Wikipedia
https://pfl.wikipedia.org/wiki/Wikipedia:Gmoinschafdsboadal	Wikipedia:Gmoinschafdsboadal – Wikipedia	Uf derre Said grichsch e Iwwablick iwa alles, was fer naie un alde Autore wichtich isch.
https://pl.wikipedia.org/wiki/Wikipedia:Portal_wikipedyst%C3%B3w	Wikipedia:Portal wikipedystów – Wikipedia, wolna encyklopedia	Akcje:
https://pms.wikipedia.org/wiki/Wikipedia:Pi%C3%B2la	Wikipedia:Piòla - Wikipedia an piemontèis, l'enciclopedìa lìbera e a gràtis	This page is a table, and as such it's too difficult to edit for most users, it's mostly used to present basic information. If you need to discuss things and publish news use the discussion page. Thanks! La Piòla dël P@ut@ss
https://ps.wikipedia.org/wiki/%D9%88%D9%8A%DA%A9%D9%8A%D9%BE%DB%90%DA%89%D9%8A%D8%A7:%D9%BE%DB%8C%D8%BA%D8%A7%D9%85_%D8%AE%D8%A8%D8%B1%DB%90_%D8%A7%D8%AA%D8%B1%DB%90	ويکيپېډيا:پیغام خبرې اترې - ويکيپېډيا	که غواړئ چې ژر تر ژره په ويکيپېډيا کې ليکنې او سمون پيل کړئ او زياتو او اوږدو لارښوونو لوستلو لېوال نه ياست، نو په لنډ ډول د څنګه له ويکيپېډيا سره مرسته وکړو يا چټکه زده کړه وګورئ!
https://pt.wikipedia.org/wiki/Wikip%C3%A9dia:Portal_comunit%C3%A1rio	Wikipédia:Portal comunitário – Wikipédia, a enciclopédia livre	Wikipédia:Portal comunitário – Wikipédia, a enciclopédia livre
https://qu.wikipedia.org/wiki/Wikipidiya:Ayllupaq_p%27anqa	Wikipidiya:Ayllupaq p'anqa - Wikipidiya	Wikipidiyaman allinmi hamusqaykichik
https://ro.wikipedia.org/wiki/Portal:Comunitate	Portal:Comunitate - Wikipedia	&amp;nbsp;[[Fișier:Padlock-silver.svg|20px|link=Wikipedia:Pagină protejată#Semiprotejare|Această pagină de discuție este semiprotejată pe termen nelimitat pentru a preveni vandalismul.]]&lt;/span>"}}'/>
https://roa-rup.wikipedia.org/wiki/Wikipedia:Community_portal	Wikipedia:Community portal - Wikipedia, Ențiclopedia liberâ	There are a lot of pages such as this or this with no contents at all, within 10 days I'll start massively deleting them if I won't have any opposition, please poke me if there are some concerns. --Vituzzu (talk) 20:09, 1 Andreulu 2012 (UTC)
https://roa-tara.wikipedia.org/wiki/Wikipedia:Portale_d%27a_Comunitate	Wikipedia:Portale d'a Comunitate - Wikipedia	Wikipedia:Portale d'a Comunitate - Wikipedia
https://ru.wikipedia.org/wiki/%D0%92%D0%B8%D0%BA%D0%B8%D0%BF%D0%B5%D0%B4%D0%B8%D1%8F:%D0%A1%D0%BE%D0%BE%D0%B1%D1%89%D0%B5%D1%81%D1%82%D0%B2%D0%BE	Википедия:Сообщество — Википедия	Наши соцсети:
https://rue.wikipedia.org/wiki/%D0%92%D1%96%D0%BA%D1%96%D0%BF%D0%B5%D0%B4%D1%96%D1%8F:%D0%9F%D0%BE%D1%80%D1%82%D0%B0%D0%BB_%D0%92%D1%96%D0%BA%D1%96%D0%BF%D0%B5%D0%B4%D1%96%D1%97	Вікіпедія:Портал Вікіпедії — Вікіпедія	Вітайте на Порталї Вікіпедії!
https://rw.wikipedia.org/wiki/Wikipedia:Community_Portal	Wikipedia:Community Portal - Wikipedia	Hello. To facilitate steward granting of bot access, I suggest implementing the standard bot policy on this wiki. In particular, this policy allows stewards to automatically flag known interlanguage linking bots (if this page says that is acceptable), which form the vast major...
https://sah.wikipedia.org/wiki/%D0%91%D0%B8%D0%BA%D0%B8%D0%BF%D0%B8%D1%8D%D0%B4%D1%8C%D0%B8%D0%B9%D1%8D:%D0%A2%D2%AF%D0%BC%D1%81%D2%AF%D2%AF_%D1%81%D0%B8%D1%80%D1%8D	Бикипиэдьийэ:Түмсүү сирэ — Бикипиэдьийэ	Бикипиэдьийэ:Түмсүү сирэ — Бикипиэдьийэ
https://sat.wikipedia.org/wiki/%E1%B1%A3%E1%B1%A4%E1%B1%A0%E1%B1%A4%E1%B1%AF%E1%B1%A4%E1%B1%B0%E1%B1%A4%E1%B1%AD%E1%B1%9F:%E1%B1%A0%E1%B1%B7%E1%B1%A9%E1%B1%B4_%E1%B1%B5%E1%B1%9A%E1%B1%9E%E1%B1%9A%E1%B1%B1_%E1%B1%A6%E1%B1%9A%E1%B1%A8	ᱣᱤᱠᱤᱯᱤᱰᱤᱭᱟ:ᱠᱷᱩᱴ ᱵᱚᱞᱚᱱ ᱦᱚᱨ - ᱣᱤᱠᱤᱯᱤᱰᱤᱭᱟ	ᱠᱷᱩᱴ ᱵᱚᱞᱚᱜ ᱦᱚᱨ
https://sc.wikipedia.org/wiki/Wikipedia:Portale_Comunidade	Wikipedia:Portale Comunidade - Wikipedia	Wikipedia:Portale Comunidade - Wikipedia
https://scn.wikipedia.org/wiki/Wikipedia:Porta_d%C3%A2_Cumunit%C3%A0	Wikipedia:Porta dâ Cumunità - Wikipedia	Sta pàggina è nu ricordu di tutti li ntiressi tècnichi e amministrativi: liggìrila è assai mpurtanti pi canùsciri lu pruggettu e pi participàrinni megghiu.
https://sco.wikipedia.org/wiki/Wikipedia:Commonty_Yett	Wikipedia:Commonty Yett - Wikipedia	Wikipaedia wants ye! We are biggin an encyclopaedia thegither an a wiki community. Ye can chynge auld airticles an mak new anes on Wikipaedia richt nou. If ye haena awreadies daen it, ye micht wad like ti mak an accoont (see whit for).
https://sd.wikipedia.org/wiki/%D9%88%DA%AA%D9%8A%D9%BE%D9%8A%DA%8A%D9%8A%D8%A7:%D8%A7%D9%88%D8%B7%D8%A7%D9%82	وڪيپيڊيا:اوطاق - وڪيپيڊيا	هن باب ۾ سنڌي وڪيپيڊيا تي هاڻوڪيون ڀاڱيداريون، ڪم ۽ خبرن بابت فهرستون شامل آهن. وڪيپيڊيا تي نوان آهيو؟ ته ڏسو وڪي تي ڀائيوار ڪيئن ٿجي. وڌيڪ معلومات لاءِ ڏسو وڪيپيڊيا انتظاميا جو صفحو.
https://se.wikipedia.org/wiki/Wikipedia:%C3%81igeguovdil	Wikipedia:Áigeguovdil – Wikipedia, friddja diehtosátnegirji	Sámegiel Wikipedia
https://sg.wikipedia.org/wiki/Wikipedia:G%C3%A4_nz%C3%B6n%C3%AE	Wikipedia:Gä nzönî — Wikipedia	Wikipedia:Gä nzönî — Wikipedia
https://sh.wikipedia.org/wiki/Wikipedija:Radionica	Wikipedija:Radionica – Wikipedija / Википедија	.mw-parser-output .workshop{box-sizing:border-box;margin:0 auto;max-width:1200px}.mw-parser-output .workshop li{margin-bottom:0.25rem}.mw-parser-output .workshop,.mw-parser-output .workshop *{box-sizing:border-box}.mw-parser-output .workshop-header{margin-bottom:1.25rem;overfl...
https://shn.wikipedia.org/wiki/%E1%80%9D%E1%80%AE%E1%82%87%E1%81%B6%E1%80%AE%E1%82%87%E1%81%BD%E1%80%AE%E1%80%B8%E1%80%90%E1%80%AE%E1%80%B8%E1%80%9A%E1%82%83%E1%80%B8:Community_Portal	ဝီႇၶီႇၽီးတီးယႃး:Community Portal - ဝီႇၶီႇၽီးတီးယႃး	Birgit Müller (WMDE) ၁၄:၅၃၊ ၇ မေ ၂၀၁၈ (UTC)
https://si.wikipedia.org/wiki/%E0%B7%80%E0%B7%92%E0%B6%9A%E0%B7%92%E0%B6%B4%E0%B7%93%E0%B6%A9%E0%B7%92%E0%B6%BA%E0%B7%8F:%E0%B6%B4%E0%B7%8A%E2%80%8D%E0%B6%BB%E0%B6%A2%E0%B7%8F_%E0%B6%AF%E0%B7%8A%E0%B7%80%E0%B7%8F%E0%B6%BB%E0%B6%BA	විකිපීඩියා:ප්‍රජා ද්වාරය - විකිපීඩියා	මෙම පිටුව සිංහල විකිපීඩියාව පිළිබඳ වත්මන් සහයෝගීතා, කාර්යයන් සහ ප්‍රවෘත්ති ලැයිස්තුවක් සපයයි. විකිපීඩියාවට අලුත්ද? කටයුතු ඇරඹීමට ඔබ දැනගත යුතු සියල්ල සඳහා විකිපීඩියා පිටුවට දායක වීම හෝ අපගේ නිබන්ධනය බලන්න. උනන්දුවක් දක්වන අභ්‍යන්තර ව්‍යාපෘති පිටු ලැයිස්තුවක් සඳහා, දෙපාර්තමේන්ත...
https://simple.wikipedia.org/wiki/Wikipedia:Simple_start	Wikipedia:Simple start - Simple English Wikipedia, the free encyclopedia	Wikipedia:Simple start - Simple English Wikipedia, the free encyclopedia
https://sk.wikipedia.org/wiki/Wikip%C3%A9dia:Port%C3%A1l_komunity	Wikipédia:Portál komunity - Wikipédia	Vitaj! Ak si v tomto skvelom projekte nováčik, chceš pomôcť, ale ešte nevieš ako, v sekcii Užitočné stránky sme pre teba pripravili zoznam článkov, ktoré ti pomôžu začať. Okrem užitočných stránok sa tu dozvieš aj o momentálnom dianí na slovenskej Wikipédii (v sekcii Čo sa deje...
https://sl.wikipedia.org/wiki/Wikipedija:Portal_skupnosti	Wikipedija:Portal skupnosti - Wikipedija, prosta enciklopedija	Portal skupnosti je osrednje mesto za obveščanje o dogajanju v Wikipediji. Tu se lahko seznanite z nalogami, ki jih je treba opraviti, skupinami, ki se jim lahko pridružite, in novicami o nedavnih dogodkih in trenutnem dogajanju v projektu.
https://so.wikipedia.org/wiki/Wikipedia:Albaabka_bulshada	Wikipedia:Albaabka bulshada - Wikipedia	Wikipedia:Albaabka bulshada - Wikipedia
https://sr.wikipedia.org/wiki/%D0%92%D0%B8%D0%BA%D0%B8%D0%BF%D0%B5%D0%B4%D0%B8%D1%98%D0%B0:%D0%A0%D0%B0%D0%B4%D0%B8%D0%BE%D0%BD%D0%B8%D1%86%D0%B0	Википедија:Радионица — Википедија	Википедија је колико енциклопедија, толико и вики заједница. Већ сада можете да уређујете и да додајете чланке, а уколико већ нисте, можете да се пријавите. Новим корисницима предлажемо да се, пре него што почну да мењају чланке, прво поиграју у песку. Вреди погледати и актуел...
https://stq.wikipedia.org/wiki/Wikipedia:Portoal	Wikipedia:Portoal – Wikipedia	Kiek foar dät hoochleeden fon Bielden un ouskrieuwene Täkste ap do gjuchtelke Bedingengen foar ju Ienstaalenge fon Bielden (Uurheebergjuchte uas.)
https://su.wikipedia.org/wiki/Portal:Panglawungan	Portal:Panglawungan - Wikipédia Sunda, énsiklopédi bébas	Wikipédia téh mangrupa énsiklopédi sakaligus masarakat wiki. Urang bisa ngédit artikel dina Wikipédia ayeuna kénéh. Coba lenyepan kumaha carana sumbangsih dina kaca tutorial (atawa sakadar uulinan dina kotrétan). Pikeun wawaran nu leuwih lengkep, kirimkeun koméntar dina Sawala...
https://sv.wikipedia.org/wiki/Wikipedia:Deltagarportalen	Wikipedia:Deltagarportalen – Wikipedia	Bildfrågor · Faktafrågor · Persondatafrågor · Vanliga frågor · Wikidatafrågor · Wikipediafrågor · Översättningsfrågor
https://syl.wikipedia.org/wiki/%EA%A0%83%EA%A0%81%EA%A0%87%EA%A0%A4%EA%A0%99%EA%A0%A4%EA%A0%92%EA%A0%A4%EA%A0%80:%EA%A0%A1%EA%A0%9D%EA%A0%A3%EA%A0%8E%EA%A0%9D%EA%A0%A6%EA%A0%9F%EA%A0%9E_%EA%A0%A2%EA%A0%A3%EA%A0%9D%EA%A0%A3%EA%A0%98%EA%A0%A4%EA%A0%9E%EA%A0%96%EA%A0%A5%EA%A0%80%EA%A0%9E	ꠃꠁꠇꠤꠙꠤꠒꠤꠀ:ꠡꠝꠣꠎꠝꠦꠟꠞ ꠢꠣꠝꠣꠘꠤꠞꠖꠥꠀꠞ - ꠃꠁꠇꠤꠙꠤꠒꠤꠀ	ꠁꠈꠣꠘ ꠅꠁꠟꠉꠤ ꠄꠇꠣꠘ ꠢꠣꠛ ꠎꠦꠘꠅ ꠄꠇꠅꠁꠀ ꠇꠣꠝ ꠇꠞꠣ ꠨ ꠝꠣꠔ ꠇꠕꠣ ꠨ ꠀꠞ ꠉꠥꠡ꠆ꠐꠤꠞ ꠄꠇ꠆ꠐꠤꠜꠤꠐꠤꠞ ꠎꠦꠉꠣ ⁕
https://szy.wikipedia.org/wiki/Wikipitiya:komiyonityi_sacumudan	Wikipitiya:komiyonityi sacumudan - Wikipitiya	歡迎加入撒奇萊雅語維基百科的社群，以下是一些有用的連結：
https://ta.wikipedia.org/wiki/%E0%AE%B5%E0%AE%BF%E0%AE%95%E0%AF%8D%E0%AE%95%E0%AE%BF%E0%AE%AA%E0%AF%8D%E0%AE%AA%E0%AF%80%E0%AE%9F%E0%AE%BF%E0%AE%AF%E0%AE%BE:%E0%AE%9A%E0%AE%AE%E0%AF%81%E0%AE%A4%E0%AE%BE%E0%AE%AF_%E0%AE%B5%E0%AE%B2%E0%AF%88%E0%AE%B5%E0%AE%BE%E0%AE%9A%E0%AE%B2%E0%AF%8D	விக்கிப்பீடியா:சமுதாய வலைவாசல் - தமிழ் விக்கிப்பீடியா	கீழ்க்காணும் பெட்டியில் நீங்கள் தொடங்க விரும்பும் கட்டுரைத் தலைப்பை இட்டுக் கட்டுரையைத் தொடங்கவும் தத்தலைச் சொடுக்கவும். பின்னெழும் சாளரத்தில் கட்டுரையைத் தொகுக்கவும்:
https://tcy.wikipedia.org/wiki/%E0%B2%B5%E0%B2%BF%E0%B2%95%E0%B2%BF%E0%B2%AA%E0%B3%80%E0%B2%A1%E0%B2%BF%E0%B2%AF:%E0%B2%B8%E0%B2%AE%E0%B3%81%E0%B2%A6%E0%B2%BE%E0%B2%AF_%E0%B2%AA%E0%B3%81%E0%B2%9F%E0%B3%8A	ವಿಕಿಪೀಡಿಯ:ಚಾವಡಿ - ವಿಕಿಪೀಡಿಯ	ವಿಕಿಪೀಡಿಯ:ಚಾವಡಿ - ವಿಕಿಪೀಡಿಯ
https://te.wikipedia.org/wiki/%E0%B0%B5%E0%B0%BF%E0%B0%95%E0%B1%80%E0%B0%AA%E0%B1%80%E0%B0%A1%E0%B0%BF%E0%B0%AF%E0%B0%BE:%E0%B0%B8%E0%B0%AE%E0%B1%81%E0%B0%A6%E0%B0%BE%E0%B0%AF_%E0%B0%AA%E0%B0%82%E0%B0%A6%E0%B0%BF%E0%B0%B0%E0%B0%BF	వికీపీడియా:సముదాయ పందిరి - వికీపీడియా	వికీపీడియాకు స్వాగతం. అందరం కలిసి ఒక విజ్ఞాన సర్వస్వాన్నీ, ఒక వికీ సమాజాన్ని నిర్మిస్తున్నాం. ఇప్పటికిప్పుడు మీరో వ్యాసాన్ని దిద్దుబాటు చెయ్యడమో, ఓ కొత్త వ్యాసాన్ని ప్రారంభించడమో చెయ్యవచ్చు. మీ వ్యాసాలను ఎలా సమర్పించాలో పాఠంలో తెలుసుకోండి. (ప్రయోగశాల లో ప్రయోగాలు చెయ్యండి).
https://tg.wikipedia.org/wiki/%D0%92%D0%B8%D0%BA%D0%B8%D0%BF%D0%B5%D0%B4%D0%B8%D0%B0:%D0%98%D2%B7%D1%82%D0%B8%D0%BC%D0%BE%D1%8A	Википедиа:Иҷтимоъ — Википедия	Википедиа:Иҷтимоъ — Википедия
https://th.wikipedia.org/wiki/%E0%B8%A7%E0%B8%B4%E0%B8%81%E0%B8%B4%E0%B8%9E%E0%B8%B5%E0%B9%80%E0%B8%94%E0%B8%B5%E0%B8%A2:%E0%B8%A8%E0%B8%B2%E0%B8%A5%E0%B8%B2%E0%B8%9B%E0%B8%A3%E0%B8%B0%E0%B8%8A%E0%B8%B2%E0%B8%84%E0%B8%A1	วิกิพีเดีย:ศาลาประชาคม - วิกิพีเดีย	วิกิพีเดีย:ศาลาประชาคม - วิกิพีเดีย
https://ti.wikipedia.org/wiki/%E1%8B%8A%E1%8A%AA%E1%8D%90%E1%8B%B5%E1%8B%AB:%E1%88%9B%E1%8B%95%E1%8C%BE_%E1%88%9B%E1%88%95%E1%89%A0%E1%88%A8_%E1%88%B0%E1%89%A5	ዊኪፐድያ:ማዕጾ ማሕበረ ሰብ - ዊኪፐድያ፣ ናጻ ኢንሳይክሎፐድያ	Amharic wikipedia has a phonetic input system for this script (if I am not mistaken). Why dont we share it?--Eukesh 17:13, 19 March 2007 (UTC)
https://tk.wikipedia.org/wiki/Wikipedi%C3%BDa:Community_Portal	Wikipediýa:Community Portal - Wikipediýa	Read this in another language • Subscription list for this multilingual newsletter
https://tl.wikipedia.org/wiki/Wikipedia:Puntahan_ng_pamayanan	Wikipedia:Puntahan ng pamayanan - Wikipedia, ang malayang ensiklopedya	Maligayang pagdating sa Tagalog Wikipedia! Ang Tagalog Wikipedia ay hindi lamang isang ensiklopedya kundi isang pamayanan ng wiki din. Kung wala ka pang akawnt, maaari kang lumikha ng isa. Mababatid mo mula sa pahinang ito - mula itaas hanggang ibaba - ang lahat ng mga gawain ...
https://tly.wikipedia.org/wiki/Vikipedija:I%C4%8Dtimoij%C9%99_portal	Vikipedija:Ičtimoijə portal - Vikipedija	Hurmatina istifodaakayon. Isa sahifa nomon ba kutlavi vándálizmi maruz mándan. Zıvoni nızna hamma kas ba sahifa nomon mudáxila kárda. Taklif kárdam, sahifa nomon anjax inzibotəvonon dagiš kárde huquqıšon bıbu. --Patriot Kor (no-pegət) 01:02, 5 Janvar 2024 (+04)čəvob doj
https://tn.wikipedia.org/wiki/Wikipedia:Patlelo_ya_set%C5%A1haba	Wikipedia:Patlelo ya setšhaba - Wikipedia	Please give a bot bit to SieBot, so it will not flood your RC as it adds interwiki links using pywikipedia's interwiki.py. SieBot is active on about 140 Wikipedias. See the user page of the bot for more details, or check a complete overview of its activities here. Cheers! Sieb...
https://tr.wikipedia.org/wiki/Vikipedi:Topluluk_portali	Vikipedi:Topluluk portali - Vikipedi	.mw-parser-output .mw-headline-number{display:none}.mw-parser-output #menu-container{margin-bottom:1em}.mw-parser-output #menu-container .mw-ui-button:not(.mw-ui-progressive){opacity:.75;border:none;border-radius:0;background:none;color:#000}.mw-parser-output #menu-container :...
https://ts.wikipedia.org/wiki/Wikipedia:Community_Portal	Wikipedia:Community Portal - Wikipedia	Welcome to the ts.wikipedia Community portal
https://tt.wikipedia.org/wiki/%D0%92%D0%B8%D0%BA%D0%B8%D0%BF%D0%B5%D0%B4%D0%B8%D1%8F:%D2%96%D3%99%D0%BC%D0%B3%D1%8B%D1%8F%D1%82%D1%8C_%D2%AF%D0%B7%D3%99%D0%B3%D0%B5	Википедия:Җәмгыять үзәге — Wikipedia	Максат · Миссия · Стратегия · Чаралар · Эшчәнлек планы · Хәзерге вакыйгалар · Очрашулар · Викимедиа төркеме · Елъязма · Матбугатта Эшчәнлек: Вазыйфалар · Фикер алышулар · Тавыш бирүләр · Сайлаулар · Югары арбитраж шурасы
https://tum.wikipedia.org/wiki/Wikipedia:Vidumbizgano_vya_chikaya	Wikipedia:Vidumbizgano vya chikaya - Wikipedia	CHITUMBUKA Nasankha Anthony na Viyowoyero Vya Malaŵi kuti ŵaŵe ŵalaŵiliri pa Wikipediya ya Chitumbuka pano. Wose ŵaŵiri ŵalongora kuti ŵali na maluso ghakupambanapambana pa nkhani ya kulemba na kusintha vinthu, kweniso kuti ŵakulimbikira chomene pa ntchito iyi. Anthony walikup...
https://tyv.wikipedia.org/wiki/%D0%92%D0%B8%D0%BA%D0%B8%D0%BF%D0%B5%D0%B4%D0%B8%D1%8F:%D0%9D%D0%B8%D0%B8%D1%82%D0%B8%D0%BB%D0%B5%D0%BB_%D1%85%D0%B0%D0%B0%D0%BB%D0%B3%D0%B0%D0%B7%D1%8B	Википедия:Ниитилел хаалгазы — Википедия	Дорогие коллеги,
https://udm.wikipedia.org/wiki/%D0%92%D0%B8%D0%BA%D0%B8%D0%BF%D0%B5%D0%B4%D0%B8%D1%8F:%D0%9F%D0%BE%D1%80%D1%82%D0%B0%D0%BB	Википедия:Портал — Википедия	Википедия — это не только энциклопедия, но и Вики-сообщество. Вы можете создать новую или дополнить любую существующую статью прямо сейчас.
https://uk.wikipedia.org/wiki/%D0%92%D1%96%D0%BA%D1%96%D0%BF%D0%B5%D0%B4%D1%96%D1%8F:%D0%9F%D0%BE%D1%80%D1%82%D0%B0%D0%BB_%D1%81%D0%BF%D1%96%D0%BB%D1%8C%D0%BD%D0%BE%D1%82%D0%B8	Вікіпедія:Портал спільноти — Вікіпедія	Приєднуйтесь Допомога ЧаП
https://ur.wikipedia.org/wiki/%D9%88%DB%8C%DA%A9%DB%8C%D9%BE%DB%8C%DA%88%DB%8C%D8%A7:%DA%86%D9%88%D9%BE%D8%A7%D9%84	ویکیپیڈیا:چوپال - آزاد دائرۃ المعارف، ویکیپیڈیا	یہ صفحہ انگریزی ویکیپیڈیا کے بارے میں موجودہ تعاون، کاموں اور خبروں کی فہرست فراہم کرتا ہے۔ ویکیپیڈیا پر نئے ہیں؟ اپنی ضرورت کی ہر چیز جاننے کے لیے ویکیپیڈیا صفحہ یا ہمارا ٹیوٹوریل دیکھیں۔ دلچسپی کے اندرونی پروجیکٹ کے صفحات کی فہرست کے لیے ڈپارٹمنٹ ڈائرکٹری دیکھیں۔
https://uz.wikipedia.org/wiki/Vikipediya:Jamoa_portali	Vikipediya:Jamoa portali - Vikipediya	Jamoa portali
https://ve.wikipedia.org/wiki/Wikipedia:Community_Portal	Wikipedia:Community Portal - Wikipedia	For community discussion, see Wikipedia talk:Community Portal.
https://vec.wikipedia.org/wiki/Porta%C5%82e:Comunit%C3%A0	Portałe:Comunità - Wikipèdia Vèneta, ła ensiclopedia łìbara	Benvegnesti al Portałe de ła Comunità
https://vep.wikipedia.org/wiki/Vikipedii:Kund	Vikipedii:Kund – Vikipedii	Dear Wiki Community,
https://vi.wikipedia.org/wiki/Wikipedia:C%E1%BB%99ng_%C4%91%E1%BB%93ng	Wikipedia:Cộng đồng – Wikipedia tiếng Việt	.mw-parser-output .comportal-section{overflow:auto;margin-bottom:2em}.mw-parser-output .comportal-section h2{background-color:#a69ce6;border:0;display:block;font-weight:bold;font-family:sans-serif;margin:0;padding:.4em .5em .2em;text-align:center;color:#FFFFFF}.mw-parser-outpu...
https://vls.wikipedia.org/wiki/Wikipedia:Gebrukersportoal	Wikipedia:Gebrukersportoal - Wikipedia	Ier vin j'informoasje over ofsproakn en de communicoasje tusschn gebrukers, moar ook verwyziengn na interessante lystn van artikels, categorieën en patrôonn. Oe j'upmerkiengn of verbeteriengn eit over uus gebrukersportoal, gif gerust jounen zeg up et discuusjeblad.
https://vo.wikipedia.org/wiki/V%C3%BCkiped:Komotanefaleyan	Vükiped:Komotanefaleyan - Vükiped	Bespiks dö Vükiped: Vükiped:Kafetar
https://war.wikipedia.org/wiki/Wikipedia:Ganghaan_han_Komunidad	Wikipedia:Ganghaan han Komunidad - Wikipedia	01 | 02 | 03
https://wuu.wikipedia.org/wiki/Wikipedia:%E7%A4%BE%E5%8C%BA%E9%97%A8%E5%A0%82	Wikipedia:社区门堂 - 吴语维基百科	基本上講，箇社區門堂便是好曉得來維基百科裏箇階段有何物事幹个地方。來伊𡍲，好晓得何物事幹要完成，何物小組好參加，还有箇階段有何物活動。
https://xal.wikipedia.org/wiki/Wikipedia:Community_Portal	Wikipedia:Community Portal â Wikipedia	ÐÐ¸ÐºÐ¸Ð¿ÐµÐ´ÑÑ Ð¸Ð¸Ð¼ ÑÓ©ÑÐ¼Ò¯Ð´ Ð±ÓÓÑ Ð·Ó©Ð²ÑÓ
https://xh.wikipedia.org/wiki/Wikipedia:Community_Portal	Wikipedia:Community Portal - Wikipedia	Archive - Archive2 - Archive3 - Archive4 - Archive5
https://yi.wikipedia.org/wiki/%D7%B0%D7%99%D7%A7%D7%99%D7%A4%D6%BC%D7%A2%D7%93%D7%99%D7%A2:%D7%A4%D7%90%D7%A8%D7%9C%D7%90%D7%9E%D7%A2%D7%A0%D7%98	װיקיפּעדיע:פארלאמענט – װיקיפּעדיע	מוסטער:פארלעמענט
https://yo.wikipedia.org/wiki/Wikipedia:%C3%88b%C3%BAt%C3%A9_%C3%80w%C3%B9j%E1%BB%8D	Wikipedia:Èbúté Àwùjọ - Wikipedia, ìwé-ìmọ̀ ọ̀fẹ́	Àwọn àyọkà pàtàkì ni ìràwọ̀ kékeré lórí wọn. A lè rí wọn kà ní Wikipedia:Àyọkà pàtàkì.
https://za.wikipedia.org/wiki/Wikipedia:Seqgih	Wikipedia:Seqgih - Wikipedia	Hello. To facilitate steward granting of bot access, I suggest implementing the standard bot policy on this wiki. In particular, this policy allows stewards to automatically flag known interlanguage linking bots (if this page says that is acceptable), which form the vast major...
https://zh-classical.wikipedia.org/wiki/%E7%B6%AD%E5%9F%BA%E5%A4%A7%E5%85%B8:%E5%B8%82%E9%9B%86	維基大典:市集 - 維基大典	大典諸務，咸列於此。
https://zh-min-nan.wikipedia.org/wiki/Wikipedia:Si%C4%81-l%C3%AD_mn%CC%82g-chh%C3%B9i-kh%C3%A1u	Wikipedia:Siā-lí mn̂g-chhùi-kháu – Wikipedia	[[#H.C5.8D.C2.B7_sin_l.C3.A2i_.C3.AA_i.C5.8Dng-chi.C3.A1|Sin iōng-chiá]]&quot;}},&quot;i&quot;:0}}]}">Sin iōng-chiá
https://zh-yue.wikipedia.org/wiki/Wikipedia:%E7%A4%BE%E5%8D%80%E5%A4%A7%E5%A0%82	Wikipedia:社區大堂 - 維基百科，自由嘅百科全書	Wikipedia:社區大堂 - 維基百科，自由嘅百科全書
https://zh.wikipedia.org/wiki/Wikipedia:%E7%A4%BE%E7%BE%A4%E9%A6%96%E9%A1%B5	维基百科:社群首页 - 维基百科，自由的百科全书	（更多候选主题）
https://zu.wikipedia.org/wiki/Wikipedia:Umnyango_wamgwamanda	Wikipedia:Umnyango wamgwamanda — Conocimiento e Información	Artículo indexado sobre Wikipedia:Umnyango wamgwamanda en el dominio zu.wikipedia.org. Incluye documentación, recursos y análisis.
https://www.wikidata.org/wiki/Special:EntityPage/Q4654925	Wikipedia:Community portal - Wikidata	Wikimedia project page
https://es.wikipedia.org/wiki/Portal_discusi%C3%B3n:Comunidad	Portal discusión:Comunidad - Wikipedia, la enciclopedia libre	Si quieres discutir algún tema general de Wikipedia, visita el Café.
https://es.wikipedia.org/w/index.php?title=Portal:Comunidad&amp;action=edit	Portal:Comunidad - Wikipedia, la enciclopedia libre	Portal de la comunidad Donde descubrir lo que sucede en Wikipedia, cómo colaborar y algunos recursos de interés.
https://es.wikipedia.org/w/index.php?title=Portal:Comunidad&amp;action=history	Portal:Comunidad - Wikipedia, la enciclopedia libre	Portal de la comunidad Donde descubrir lo que sucede en Wikipedia, cómo colaborar y algunos recursos de interés.
https://es.wikipedia.org/wiki/Especial:LoQueEnlazaAqu%C3%AD/Portal:Comunidad	Páginas que enlazan con «Portal:Comunidad» - Wikipedia, la enciclopedia libre	Las siguientes páginas enlazan a Portal:Comunidad:
https://es.wikipedia.org/wiki/Especial:CambiosEnEnlazadas/Portal:Comunidad	Cambios en enlazadas - Wikipedia, la enciclopedia libre	Esta página especial enumera los últimos cambios en las páginas enlazadas. La páginas de tu lista de seguimiento aparecen en negrita.
https://commons.wikimedia.org/wiki/Special:UploadWizard?uselang=es	Es necesario iniciar sesión - Wikimedia Commons	български | বাংলা | Deutsch | Deutsch (Sie-Form) | English | español | français | italiano | 日本語 | magyar | Nederlands | norsk | русский | português | polski | slovenščina | svenska | +/−
https://es.wikipedia.org/w/index.php?title=Portal:Comunidad&amp;oldid=173573524	Portal:Comunidad - Wikipedia, la enciclopedia libre	Portal de la comunidad Donde descubrir lo que sucede en Wikipedia, cómo colaborar y algunos recursos de interés.
https://es.wikipedia.org/w/index.php?title=Portal:Comunidad&amp;action=info	Portal:Comunidad - Wikipedia, la enciclopedia libre	Portal de la comunidad Donde descubrir lo que sucede en Wikipedia, cómo colaborar y algunos recursos de interés.
https://es.wikipedia.org/w/index.php?title=Especial:Acortador_de_URL&amp;url=https%3A%2F%2Fes.wikipedia.org%2Fwiki%2FPortal%3AComunidad	Acortador de URL - Wikipedia, la enciclopedia libre	Generate short URLs and QR codes.
https://es.wikipedia.org/w/index.php?title=Portal:Comunidad&amp;useparsoid=0	Portal:Comunidad - Wikipedia, la enciclopedia libre	Portal de la comunidad Donde descubrir lo que sucede en Wikipedia, cómo colaborar y algunos recursos de interés.
https://es.wikipedia.org/w/index.php?title=Especial:Libro&amp;bookcmd=book_creator&amp;referer=Portal%3AComunidad	Gestionar tu libro - Wikipedia, la enciclopedia libre	Aunque la representación en PDF del Creador de libros está desactivada, se puede utilizar la opción Descargar como PDF en la barra lateral para artículos individuales.
https://es.wikipedia.org/w/index.php?title=Especial:DownloadAsPdf&amp;page=Portal%3AComunidad&amp;action=show-download-screen	Página no válida - Wikipedia, la enciclopedia libre	La página especificada no es válida.
https://es.wikipedia.org/w/index.php?title=Portal:Comunidad&amp;printable=yes	Portal:Comunidad - Wikipedia, la enciclopedia libre	Portal de la comunidad Donde descubrir lo que sucede en Wikipedia, cómo colaborar y algunos recursos de interés.
https://abstract.wikipedia.org/wiki/Abstract_Wikipedia:Community_portal	Abstract Wikipedia:Community portal - Abstract Wikipedia	Welcome to the Community portal for Abstract Wikipedia!
https://commons.wikimedia.org/wiki/Commons:Community_portal	Commons:Community portal - Wikimedia Commons	Are you new to Wikimedia Commons? If so, then Welcome! Check out what we're all about (and what we are not), or just start searching for images and other media files. You can find collections of similar files grouped by topic, or by almost any other characteristic you can thin...
https://www.mediawiki.org/wiki/Project:Help	Project:Help - MediaWiki	Check the following locations for help installing&nbsp;/&nbsp;running&nbsp;/ using the MediaWiki software.
https://wikisource.org/wiki/Wikisource:Community_Portal	Wikisource:Community Portal - Wikisource	Wikisource is a Wikimedia project to create a growing free content library of primary source texts, and translations of source texts in any language. You can help this site by making a donation to the Wikimedia Foundation.
https://species.wikimedia.org/wiki/Wikispecies:Community_Portal	Wikispecies:Community Portal - Wikispecies	Wikispecies:Community Portal - Wikispecies
https://es.wikibooks.org/wiki/Wikilibros:Portal_de_la_comunidad	Wikilibros:Portal de la comunidad - Wikilibros	Wikilibros (es.wikibooks.org) es un proyecto de la Fundación Wikimedia para crear de forma colaborativa libros de texto, tutoriales, manuales de aprendizaje y otros tipos similares de libros que no son de ficción; puedes leer más acerca del proyecto en nuestra página de bienve...
https://www.wikidata.org/wiki/Wikidata:Community_portal	Wikidata:Community portal - Wikidata	Wikidata:Community portal - Wikidata
https://www.wikifunctions.org/wiki/Wikifunctions:Community_portal	Wikifunctions:Community portal - Wikifunctions	Welcome to the community portal for Wikifunctions!
https://wikimania.wikimedia.org/wiki/Wikimania:Community_portal	Wikimania:Community portal - Wikimania	Información indexada por el motor Nuby.
https://es.wikinews.org/wiki/Wikinoticias:Sala_de_redacci%C3%B3n	Wikinoticias:Sala de redacción - Wikinoticias	Wikinoticias:Sala de redacción - Wikinoticias
https://es.wikiquote.org/wiki/Wikiquote:Portal_de_la_comunidad	Wikiquote:Portal de la comunidad - Wikiquote	.mw-parser-output .wq-portalcom-box{margin:0 5px 10px 0;padding:0.3em 1em 0.7em 1em;border:1px solid #999999;background-color:#f8fff8;color:#202122}.mw-parser-output .wq-portalcom-box.header{background-color:#fffafa}.mw-parser-output .wq-portalcom-box.white{background-color:#f...
https://es.wikisource.org/wiki/Wikisource:Portal_de_la_comunidad	Wikisource:Portal de la comunidad - Wikisource	Wikisource:Portal de la comunidad - Wikisource
https://es.wikivoyage.org/wiki/Wikiviajes:Portal_de_la_comunidad	Wikiviajes:Portal de la comunidad - Wikiviajes	Debates multilingües
https://es.wikipedia.org/wiki/Especial:Estadísticas	Especial:Estadísticas — Conocimiento e Información	Artículo indexado sobre Especial:Estadísticas en el dominio es.wikipedia.org. Incluye documentación, recursos y análisis.
https://es.wikipedia.org/wiki/Especial:PáginasNuevas	Especial:PáginasNuevas — Conocimiento e Información	Artículo indexado sobre Especial:PáginasNuevas en el dominio es.wikipedia.org. Incluye documentación, recursos y análisis.
https://es.wikipedia.org/wiki/Viernes	Viernes - Wikipedia, la enciclopedia libre	El viernes es el quinto día de la semana según el calendario gregoriano (siendo el primero el lunes), y sexto para las culturas que consideran el domingo el primer día de la semana. El nombre de «viernes» proviene del latín Veneris dies; 'día de Venus', en honor a la diosa de ...
https://es.wikipedia.org/wiki/7_de_agosto	7 de agosto - Wikipedia, la enciclopedia libre	El 7 de agosto es el 219.º (ducentésimo decimonoveno) día del año en el calendario gregoriano y el 220.º (ducentésimo vigésimo) en los años bisiestos. Quedan 146 días para finalizar el año.
https://es.wikipedia.org/wiki/Agosto	Agosto - Wikipedia, la enciclopedia libre	En el calendario gregoriano, agosto es el octavo mes del año y tiene 31 días. Se le puso este nombre en honor del emperador romano Octavio Augusto (Octavius Augustus).
https://es.wikipedia.org/wiki/2026	2026 - Wikipedia, la enciclopedia libre	2026 (MMXXVI) es el año actual. Es un año común que comienza en jueves en el calendario gregoriano. Es también el número 2026 anno Domini o de la designación de era cristiana, además del vigésimo sexto año del siglo XXI y del III milenio. Es el sexto año de la tercera década d...
https://es.wikipedia.org/wiki/Wikipedia:Bienvenidos	Wikipedia:Bienvenidos - Wikipedia, la enciclopedia libre	Te damos la bienvenida a Wikipedia en español, una enciclopedia de contenido libre cuyo objetivo es reunir todo el conocimiento humano y presentarlo en nuestro idioma. Se creó el 20 de mayo de 2001 y ya cuenta con 2&nbsp;129&nbsp;825 artículos.
https://es.wikipedia.org/wiki/Ayuda:Introducción	Ayuda:Introducción — Conocimiento e Información	Artículo indexado sobre Ayuda:Introducción en el dominio es.wikipedia.org. Incluye documentación, recursos y análisis.
https://es.wikipedia.org/wiki/Wikipedia:Café	Wikipedia:Café — Conocimiento e Información	Artículo indexado sobre Wikipedia:Café en el dominio es.wikipedia.org. Incluye documentación, recursos y análisis.
https://es.wikipedia.org/wiki/Wikipedia:Café/Archivo/Ayuda/Actual	Actual — Conocimiento e Información	Artículo indexado sobre Actual en el dominio es.wikipedia.org. Incluye documentación, recursos y análisis.
https://es.wikipedia.org/wiki/Wikipedia:Café/Archivo/Técnica/Actual	Actual — Conocimiento e Información	Artículo indexado sobre Actual en el dominio es.wikipedia.org. Incluye documentación, recursos y análisis.
https://es.wikipedia.org/wiki/Wikipedia:Café/Archivo/Políticas/Actual	Actual — Conocimiento e Información	Artículo indexado sobre Actual en el dominio es.wikipedia.org. Incluye documentación, recursos y análisis.
https://es.wikipedia.org/wiki/Wikipedia:Café/Archivo/Propuestas/Actual	Actual — Conocimiento e Información	Artículo indexado sobre Actual en el dominio es.wikipedia.org. Incluye documentación, recursos y análisis.
https://es.wikipedia.org/wiki/Wikipedia:Café/Archivo/Noticias/Actual	Actual — Conocimiento e Información	Artículo indexado sobre Actual en el dominio es.wikipedia.org. Incluye documentación, recursos y análisis.
https://es.wikipedia.org/wiki/Wikipedia:Café/Archivo/Miscelánea/Actual	Actual — Conocimiento e Información	Artículo indexado sobre Actual en el dominio es.wikipedia.org. Incluye documentación, recursos y análisis.
https://es.wikipedia.org/wiki/Wikipedia:Consultas	Wikipedia:Consultas - Wikipedia, la enciclopedia libre	Aquí puedes pedir ayuda para encontrar artículos de la Wikipedia que describan cierto tema o mencionen cierto dato enciclopédico que te interese. Por favor, lee el siguiente procedimiento o nuestra política de consultas antes de plantear tu duda.
https://es.wikipedia.org/wiki/Wikipedia:Tablón_de_anuncios_de_los_bibliotecarios	Wikipedia:Tablón de anuncios de los bibliotecarios — Conocimiento e Información	Artículo indexado sobre Wikipedia:Tablón de anuncios de los bibliotecarios en el dominio es.wikipedia.org. Incluye documentación, recursos y análisis.
https://es.wikipedia.org/wiki/Wikipedia:Bibliotecarios	Wikipedia:Bibliotecarios - Wikipedia, la enciclopedia libre	En Wikipedia, todo el mundo puede editar cualquier artículo. Sin embargo, algunas acciones y tareas de mantenimiento están reservadas para una clase especial de usuarios, los bibliotecarios (o sysops, en inglés system operators y en español operadores de sistema). Antiguamente...
https://es.wikipedia.org/wiki/Wikipedia:Canal_de_IRC	Wikipedia:Canal de IRC - Wikipedia, la enciclopedia libre	La red Libera Chat cuenta con "salas de chat" dedicadas a Wikipedia las 24 horas del día, en las que los wikipedistas pueden participar en discusiones en tiempo real entre ellos. Muchos wikipedistas mantienen el chat abierto en una ventana mientras alternan con otras en las qu...
https://web.libera.chat?nick=wpcomun?&amp;channels=	Kiwi IRC	Información indexada por el motor Nuby.
https://es.wikipedia.org/wiki/Archivo:Discord_black_D.svg	Archivo:Discord black D.svg - Wikipedia, la enciclopedia libre	Haz clic sobre una fecha y hora para ver el archivo tal como apareció en ese momento.
https://es.wikipedia.org/wiki/Wikipedia:Discord	Wikipedia:Discord - Wikipedia, la enciclopedia libre	Discord es un servicio de mensajería instantánea y chat de voz VolP, disponible para navegadores web, Windows, macOS, Linux, Android e iOS. Los editores pueden chatear por texto, como en WP:IRC, pero también por llamadas de voz.
https://discord.gg/JDFGk6RH4C	Wikimedia en español	Servidor oficial de Wikimedia en español | 176 miembros
https://es.wikipedia.org/wiki/Wikipedia:Mensajería	Wikipedia:Mensajería — Conocimiento e Información	Artículo indexado sobre Wikipedia:Mensajería en el dominio es.wikipedia.org. Incluye documentación, recursos y análisis.
https://t.me/es_wiki	Telegram: View @es_wiki	Información indexada por el motor Nuby.
https://es.wikipedia.org/w/index.php?title=Portal:Comunidad/Tablón_de_la_comunidad&amp;action=edit	index.php — Conocimiento e Información	Artículo indexado sobre index.php en el dominio es.wikipedia.org. Incluye documentación, recursos y análisis.
https://es.wikipedia.org/wiki/Wikipedia:Cartelera_de_acontecimientos	Wikipedia:Cartelera de acontecimientos - Wikipedia, la enciclopedia libre	Bienvenidos a la cartelera de acontecimientos. Esta página contiene información sobre lo ocurrido en Wikipedia en español recientemente.
https://es.wikipedia.org/wiki/Archivo:Button_accept.png	Archivo:Button accept.png - Wikipedia, la enciclopedia libre	&nbsp;
https://es.wikipedia.org/wiki/Usuario:Saloca	Usuario:Saloca - Wikipedia, la enciclopedia libre	Usuario:Saloca - Wikipedia, la enciclopedia libre
https://es.wikipedia.org/wiki/Usuario_discusión:Saloca	Usuario discusión:Saloca — Conocimiento e Información	Artículo indexado sobre Usuario discusión:Saloca en el dominio es.wikipedia.org. Incluye documentación, recursos y análisis.
https://es.wikipedia.org/wiki/Especial:Contribuciones/Saloca	Contribuciones del usuario Saloca - Wikipedia, la enciclopedia libre	Información indexada por el motor Nuby.
https://es.wikipedia.org/wiki/Especial:Bloquear/Saloca	Acceso denegado - Wikipedia, la enciclopedia libre	No tienes permiso para bloquear o desbloquear a este usuario para que no edite, por la siguiente razón:
https://es.wikipedia.org/wiki/Wikipedia:Checkusers/Candidaturas/Saloca	Wikipedia:Checkusers/Candidaturas/Saloca - Wikipedia, la enciclopedia libre	Saloca (disc. · contr. (borradas) · ediciones · reg. (bloqueos) · grupos · cabs · artículos)
https://es.wikipedia.org/wiki/Archivo:Vote2_final.png	Archivo:Vote2 final.png - Wikipedia, la enciclopedia libre	Modification de Image:Nuvola apps package.png et Image:Nuvola apps email.png par Liquid_2003.
https://es.wikipedia.org/wiki/Wikipedia:Encuestas	Wikipedia:Encuestas - Wikipedia, la enciclopedia libre	Esta es una página dedicada a las encuestas de Wikipedia, el espacio donde se intenta, entre otras cosas, buscar soluciones y conocer la visión popular antes de crear políticas o tomar decisiones.
https://es.wikipedia.org/wiki/Wikipedia:Votaciones	Wikipedia:Votaciones - Wikipedia, la enciclopedia libre	Esta es la página de votaciones. Aquí se deciden los asuntos de Wikipedia de acuerdo con el criterio de la comunidad.
https://es.wikipedia.org/wiki/Wikipedia:Candidaturas_a_bibliotecario	Wikipedia:Candidaturas a bibliotecario - Wikipedia, la enciclopedia libre	Un bibliotecario es un wikipedista que ha mostrado ser digno de confianza para toda la comunidad y al que se le otorgan ciertas herramientas, que puede utilizar por iniciativa propia o a petición de otro wikipedista, aplicando en todo caso las políticas de Wikipedia.
https://es.wikipedia.org/wiki/Wikipedia:Revalidación_de_bibliotecarios	Wikipedia:Revalidación de bibliotecarios — Conocimiento e Información	Artículo indexado sobre Wikipedia:Revalidación de bibliotecarios en el dominio es.wikipedia.org. Incluye documentación, recursos y análisis.
https://es.wikipedia.org/wiki/Wikipedia:Checkusers/Candidaturas	Wikipedia:Checkusers/Candidaturas - Wikipedia, la enciclopedia libre	Un checkuser es aquel usuario que puede verificar si una cuenta de usuario está relacionado con otra. Las cuentas alternas de usuarios son llamadas «títeres», y por lo general, dichas cuentas suelen ser creadas únicamente para mostrar apoyo para sus propios intereses.
https://es.wikipedia.org/wiki/Wikipedia:Supresores/Candidaturas	Wikipedia:Supresores/Candidaturas - Wikipedia, la enciclopedia libre	Un supresor es un usuario que puede ocultar información en los historiales para que ningún usuario tenga acceso a ella (ni siquiera los bibliotecarios).
https://es.wikipedia.org/wiki/Wikipedia:Administradores_de_candidaturas_a_artículo_destacado	Wikipedia:Administradores de candidaturas a artículo destacado — Conocimiento e Información	Artículo indexado sobre Wikipedia:Administradores de candidaturas a artículo destacado en el dominio es.wikipedia.org. Incluye documentación, recursos y análisis.
https://es.wikipedia.org/wiki/Wikipedia:Bot/Autorizaciones	Wikipedia:Bot/Autorizaciones - Wikipedia, la enciclopedia libre	En esta página se votan y archivan las autorizaciones que son necesarias para los usuarios bot que vayan a editar en este proyecto. Antiguamente, los permisos debían solicitarse en meta; en la actualidad, puede asignarlos cualquier burócrata.
https://es.wikipedia.org/wiki/Wikipedia:Artículos_destacados	Wikipedia:Artículos destacados — Conocimiento e Información	Artículo indexado sobre Wikipedia:Artículos destacados en el dominio es.wikipedia.org. Incluye documentación, recursos y análisis.
https://es.wikipedia.org/wiki/Wikipedia:Candidatos_a_artículos_destacados	Wikipedia:Candidatos a artículos destacados — Conocimiento e Información	Artículo indexado sobre Wikipedia:Candidatos a artículos destacados en el dominio es.wikipedia.org. Incluye documentación, recursos y análisis.
https://es.wikipedia.org/wiki/Wikipedia:Revalidación_de_artículos_destacados	Wikipedia:Revalidación de artículos destacados — Conocimiento e Información	Artículo indexado sobre Wikipedia:Revalidación de artículos destacados en el dominio es.wikipedia.org. Incluye documentación, recursos y análisis.
https://es.wikipedia.org/wiki/Wikipedia:Candidatos_a_recursos_destacados	Wikipedia:Candidatos a recursos destacados - Wikipedia, la enciclopedia libre	Los recursos destacados son medios que añaden valor de una manera significativa a los artículos, ya sea ilustrando particularmente bien el contenido de un artículo, o siendo llamativos hasta el punto de que los usuarios querrán leer el artículo que acompañan. Los recursos dest...
https://es.wikipedia.org/wiki/Wikipedia:Selección_de_artículos_buenos	Wikipedia:Selección de artículos buenos — Conocimiento e Información	Artículo indexado sobre Wikipedia:Selección de artículos buenos en el dominio es.wikipedia.org. Incluye documentación, recursos y análisis.
https://es.wikipedia.org/wiki/Wikipedia:Selección_de_artículos_buenos/nominaciones	nominaciones — Conocimiento e Información	Artículo indexado sobre nominaciones en el dominio es.wikipedia.org. Incluye documentación, recursos y análisis.
https://es.wikipedia.org/wiki/Wikiproyecto:Revisión_por_pares	Wikiproyecto:Revisión por pares — Conocimiento e Información	Artículo indexado sobre Wikiproyecto:Revisión por pares en el dominio es.wikipedia.org. Incluye documentación, recursos y análisis.
https://es.wikipedia.org/wiki/Categoría:Wikipedia:Consultas_de_borrado	Categoría:Wikipedia:Consultas de borrado — Conocimiento e Información	Artículo indexado sobre Categoría:Wikipedia:Consultas de borrado en el dominio es.wikipedia.org. Incluye documentación, recursos y análisis.
https://es.wikipedia.org/wiki/Categoría:Wikipedia:Propuestas_de_borrado	Categoría:Wikipedia:Propuestas de borrado — Conocimiento e Información	Artículo indexado sobre Categoría:Wikipedia:Propuestas de borrado en el dominio es.wikipedia.org. Incluye documentación, recursos y análisis.
https://es.wikipedia.org/wiki/Categoría:Wikipedia:Plantillas_para_borrar	Categoría:Wikipedia:Plantillas para borrar — Conocimiento e Información	Artículo indexado sobre Categoría:Wikipedia:Plantillas para borrar en el dominio es.wikipedia.org. Incluye documentación, recursos y análisis.
https://es.wikipedia.org/wiki/Categoría:Wikipedia:Peticiones_de_desbloqueo	Categoría:Wikipedia:Peticiones de desbloqueo — Conocimiento e Información	Artículo indexado sobre Categoría:Wikipedia:Peticiones de desbloqueo en el dominio es.wikipedia.org. Incluye documentación, recursos y análisis.
https://es.wikipedia.org/wiki/Discusión:Principado_de_Cataluña	Discusión:Principado de Cataluña — Conocimiento e Información	Artículo indexado sobre Discusión:Principado de Cataluña en el dominio es.wikipedia.org. Incluye documentación, recursos y análisis.
https://es.wikipedia.org?title=Discusi%C3%B3n%3APrincipado_de_Catalu%C3%B1a&amp;action=history	Discusión:Principado de Cataluña - Wikipedia, la enciclopedia libre	La forma era el rey de la Casa de Barcelona no es muy agraciada, a parte de que da a entender que sólo los reyes de la casa de Barcelona pudieran ser soberanos de Cataluña. Parece más bien que se intenta evitar a toda costa decir que el soberano de Cataluña era el Rey de Aragó...
https://es.wikipedia.org/wiki/Discusión:Pepe_Villalobos	Discusión:Pepe Villalobos — Conocimiento e Información	Artículo indexado sobre Discusión:Pepe Villalobos en el dominio es.wikipedia.org. Incluye documentación, recursos y análisis.
https://es.wikipedia.org?title=Discusi%C3%B3n%3APepe_Villalobos&amp;action=history	Discusión:Pepe Villalobos - Wikipedia, la enciclopedia libre	Hola @Rosarino, espero te encuentres bien. Pasaba por aquí para comentarte que revertí tus ediciones en el artículo de Pepe Villalobos debido a varios factores. El principal era porque no seguía el manual de estilo, poniendo espacios entre fechas y el guión cuando en español n...
https://es.wikipedia.org/wiki/Anexo_discusión:Títulos_oficiales_de_clubes_de_fútbol_uruguayo	Anexo discusión:Títulos oficiales de clubes de fútbol uruguayo — Conocimiento e Información	Artículo indexado sobre Anexo discusión:Títulos oficiales de clubes de fútbol uruguayo en el dominio es.wikipedia.org. Incluye documentación, recursos y análisis.
https://es.wikipedia.org?title=Anexo_discusi%C3%B3n%3AT%C3%ADtulos_oficiales_de_clubes_de_f%C3%BAtbol_uruguayo&amp;action=history	Anexo discusión:Títulos oficiales de clubes de fútbol uruguayo - Wikipedia, la enciclopedia libre	Tomo como fuente el sitio oficial del Club Nacional de Football, por un parte. Resto dos de las copas individuales: torneo 50 aniversario de Colombes (1974) que en principio no habría sido oficial, y una Copa Serrato (1930) indefinido. Resto además una Copa Competencia 1903 qu...
https://es.wikipedia.org/wiki/Anexo_discusión:Emisoras_de_Bogotá	Anexo discusión:Emisoras de Bogotá — Conocimiento e Información	Artículo indexado sobre Anexo discusión:Emisoras de Bogotá en el dominio es.wikipedia.org. Incluye documentación, recursos y análisis.
https://es.wikipedia.org?title=Anexo_discusi%C3%B3n%3AEmisoras_de_Bogot%C3%A1&amp;action=history	Anexo discusión:Emisoras de Bogotá - Wikipedia, la enciclopedia libre	Con el fin de organizar mejor la información de esta tabla les pido que por favor nos ayuden a actualizar el orden de esta.
https://es.wikipedia.org/wiki/Discusión:Kimberly_Loaiza	Discusión:Kimberly Loaiza — Conocimiento e Información	Artículo indexado sobre Discusión:Kimberly Loaiza en el dominio es.wikipedia.org. Incluye documentación, recursos y análisis.
https://es.wikipedia.org?title=Discusi%C3%B3n%3AKimberly_Loaiza&amp;action=history	Discusión:Kimberly Loaiza - Wikipedia, la enciclopedia libre	La cantante es más conocida por su nombre de Kimberly Loaiza, el mismo debe trasladarse para allí. Pido a Nanu~Versace, que solicite el traslado al mismo, en el tablón de bibliotecarios.--MusicologoVzla (discusión) 02:45 2 ago 2023 (UTC)Responder
https://es.wikipedia.org/wiki/AuronPlay	AuronPlay - Wikipedia, la enciclopedia libre	Raúl Álvarez Genes (Badalona, 5 de noviembre de 1988), más conocido como AuronPlay o simplemente Auron, es un streamer y youtuber español.
https://es.wikipedia.org?title=AuronPlay&amp;action=history	AuronPlay - Wikipedia, la enciclopedia libre	Raúl Álvarez Genes (Badalona, 5 de noviembre de 1988), más conocido como AuronPlay o simplemente Auron, es un streamer y youtuber español.
https://es.wikipedia.org/wiki/Anexo:Tercera_ronda_clasificatoria_de_la_Liga_Conferencia_de_la_UEFA_2026-27	Anexo:Tercera ronda clasificatoria de la Liga Conferencia de la UEFA 2026-27 - Wikipedia, la enciclopedia libre	La Tercera ronda clasificatoria de la Liga Conferencia de la UEFA 2026-27 se disputará entre el 6 y el 13 de agosto de 2026. Participarán 60 equipos divididos en dos secciones, la Ruta de Campeones (para campeones de liga) y la Ruta de Liga (para no campeones), con los ganador...
https://es.wikipedia.org?title=Anexo%3ATercera_ronda_clasificatoria_de_la_Liga_Conferencia_de_la_UEFA_2026-27&amp;action=history	Anexo:Tercera ronda clasificatoria de la Liga Conferencia de la UEFA 2026-27 - Wikipedia, la enciclopedia libre	La Tercera ronda clasificatoria de la Liga Conferencia de la UEFA 2026-27 se disputará entre el 6 y el 13 de agosto de 2026. Participarán 60 equipos divididos en dos secciones, la Ruta de Campeones (para campeones de liga) y la Ruta de Liga (para no campeones), con los ganador...
https://es.wikipedia.org/wiki/Vestido_verde_de_Georgina_Rizk	Vestido verde de Georgina Rizk - Wikipedia, la enciclopedia libre	El vestido verde de Georgina Rizk es el traje de gala que la exmodelo lució en el certamen Miss Universo 1971.
https://es.wikipedia.org?title=Vestido_verde_de_Georgina_Rizk&amp;action=history	Vestido verde de Georgina Rizk - Wikipedia, la enciclopedia libre	El vestido verde de Georgina Rizk es el traje de gala que la exmodelo lució en el certamen Miss Universo 1971.
https://es.wikipedia.org/wiki/Marika_(cantante)	Marika (cantante) - Wikipedia, la enciclopedia libre	Marta Kosakowska (Białystok, Podlaquia, Polonia; 14 de diciembre de 1980), conocida simplemente como Marika es una vocalista, compositora y locutora de radio polaca. Actualmente interpreta avant-pop, pero anteriormente fue conocida por su repertorio de inspiración caribeña que...
https://es.wikipedia.org?title=Marika_%28cantante%29&amp;action=history	Marika (cantante) - Wikipedia, la enciclopedia libre	Marta Kosakowska (Białystok, Podlaquia, Polonia; 14 de diciembre de 1980), conocida simplemente como Marika es una vocalista, compositora y locutora de radio polaca. Actualmente interpreta avant-pop, pero anteriormente fue conocida por su repertorio de inspiración caribeña que...
https://es.wikipedia.org/wiki/Campeonato_Mundial_de_Voleibol_Femenino_Sub-17_de_2026	Campeonato Mundial de Voleibol Femenino Sub-17 de 2026 - Wikipedia, la enciclopedia libre	El II Campeonato Mundial de Voleibol Femenino Sub-17 será la segunda edición de un campeonato mundial de vóley en esta categoría, y se realizará del 6 al 16 de agosto de 2026 en Chile.[1]
https://es.wikipedia.org?title=Campeonato_Mundial_de_Voleibol_Femenino_Sub-17_de_2026&amp;action=history	Campeonato Mundial de Voleibol Femenino Sub-17 de 2026 - Wikipedia, la enciclopedia libre	El II Campeonato Mundial de Voleibol Femenino Sub-17 será la segunda edición de un campeonato mundial de vóley en esta categoría, y se realizará del 6 al 16 de agosto de 2026 en Chile.[1]
https://es.wikipedia.org/wiki/Wikipedia:Candidatos_a_artículos_destacados/Nominaciones	Nominaciones — Conocimiento e Información	Artículo indexado sobre Nominaciones en el dominio es.wikipedia.org. Incluye documentación, recursos y análisis.
https://es.wikipedia.org/wiki/Wikipedia:Candidatos_a_artículos_destacados/Donkey_Kong_Country	Donkey Kong Country — Conocimiento e Información	Artículo indexado sobre Donkey Kong Country en el dominio es.wikipedia.org. Incluye documentación, recursos y análisis.
https://es.wikipedia.org/wiki/Wikipedia:Candidatos_a_artículos_destacados/Donkey_Kong_Country_2:_Diddy	Donkey Kong Country 2: Diddy — Conocimiento e Información	Artículo indexado sobre Donkey Kong Country 2: Diddy en el dominio es.wikipedia.org. Incluye documentación, recursos y análisis.
https://es.wikipedia.org/wiki/Wikipedia:Candidatos_a_artículos_destacados/MDNA_World_Tour	MDNA World Tour — Conocimiento e Información	Artículo indexado sobre MDNA World Tour en el dominio es.wikipedia.org. Incluye documentación, recursos y análisis.
https://es.wikipedia.org/wiki/Wikipedia:Candidatos_a_artículos_destacados/Sonic_the_Hedgehog_(videojuego_de_1991)	Sonic the Hedgehog (videojuego de 1991) — Conocimiento e Información	Artículo indexado sobre Sonic the Hedgehog (videojuego de 1991) en el dominio es.wikipedia.org. Incluye documentación, recursos y análisis.
https://es.wikipedia.org/wiki/Wikipedia:Candidatos_a_artículos_destacados/Super_Mario_64	Super Mario 64 — Conocimiento e Información	Artículo indexado sobre Super Mario 64 en el dominio es.wikipedia.org. Incluye documentación, recursos y análisis.
https://es.wikipedia.org/wiki/Wikipedia:Candidatos_a_artículos_destacados/Super_Mario_Bros.	Super Mario Bros. — Conocimiento e Información	Artículo indexado sobre Super Mario Bros. en el dominio es.wikipedia.org. Incluye documentación, recursos y análisis.
https://es.wikipedia.org/wiki/Wikipedia:Candidatos_a_artículos_destacados/The_Sweet_Escape_(canción)	The Sweet Escape (canción) — Conocimiento e Información	Artículo indexado sobre The Sweet Escape (canción) en el dominio es.wikipedia.org. Incluye documentación, recursos y análisis.
https://es.wikipedia.org/wiki/Wikipedia:Esbozos	Wikipedia:Esbozo - Wikipedia, la enciclopedia libre	En Wikipedia, un esbozo es un artículo corto. Esto quiere decir que a pesar de cumplir con todas las políticas y ser, por tanto, un artículo aceptado por la comunidad, no proporciona aún toda la información que debería, y por consiguiente es necesario ampliarlo.
https://es.wikipedia.org/wiki/Wikipedia:Sé_valiente_editando_páginas	Wikipedia:Sé valiente editando páginas — Conocimiento e Información	Artículo indexado sobre Wikipedia:Sé valiente editando páginas en el dominio es.wikipedia.org. Incluye documentación, recursos y análisis.
https://es.wikipedia.org/wiki/Ayuda:Cómo_puedes_colaborar	Ayuda:Cómo puedes colaborar — Conocimiento e Información	Artículo indexado sobre Ayuda:Cómo puedes colaborar en el dominio es.wikipedia.org. Incluye documentación, recursos y análisis.
https://es.wikipedia.org/wiki/Wikiproyecto:Mujeres	Wikiproyecto:Mujeres - Wikipedia, la enciclopedia libre	Wikiproyecto:Mujeres - Wikipedia, la enciclopedia libre
https://es.wikipedia.org/wiki/Wikiproyecto:Corrección_de_errores_menores	Wikiproyecto:Corrección de errores menores — Conocimiento e Información	Artículo indexado sobre Wikiproyecto:Corrección de errores menores en el dominio es.wikipedia.org. Incluye documentación, recursos y análisis.
https://es.wikipedia.org/wiki/Wikipedia:Vandalismo_en_curso	Wikipedia:Vandalismo en curso - Wikipedia, la enciclopedia libre	Esta página tiene como objetivo solicitar la intervención rápida de un bibliotecario ante un caso de vandalismo obvio que se esté realizando apenas momentos antes de la denuncia y que sea persistente o grave. Los vandalismos realizados hace algún tiempo no deben denunciarse aq...
https://es.wikipedia.org/wiki/Wikiproyecto:Traducción_de_artículos_destacados	Wikiproyecto:Traducción de artículos destacados — Conocimiento e Información	Artículo indexado sobre Wikiproyecto:Traducción de artículos destacados en el dominio es.wikipedia.org. Incluye documentación, recursos y análisis.
https://es.wikipedia.org/wiki/Categoría:Wikipedia:Traducción_automática	Categoría:Wikipedia:Traducción automática — Conocimiento e Información	Artículo indexado sobre Categoría:Wikipedia:Traducción automática en el dominio es.wikipedia.org. Incluye documentación, recursos y análisis.
https://es.wikipedia.org/wiki/Wikipedia:Taller_idiomático	Wikipedia:Taller idiomático — Conocimiento e Información	Artículo indexado sobre Wikipedia:Taller idiomático en el dominio es.wikipedia.org. Incluye documentación, recursos y análisis.
https://es.wikipedia.org/wiki/Wikiproyecto:Ilustración/Taller_gráfico	Taller gráfico — Conocimiento e Información	Artículo indexado sobre Taller gráfico en el dominio es.wikipedia.org. Incluye documentación, recursos y análisis.
https://es.wikipedia.org/wiki/Wikipedia:Bot/Solicitudes	Wikipedia:Bot/Solicitudes - Wikipedia, la enciclopedia libre	En esta página puedes solicitar cambios que por su magnitud o por ser muy laboriosos es mejor realizarlos con un bot. Los operadores de bots indicarán en esta misma página las tareas realizadas a medida que se vayan completando.
https://es.wikipedia.org/wiki/Wikiproyecto:Mujeres/Artículos_solicitados_y_creados	Artículos solicitados y creados — Conocimiento e Información	Artículo indexado sobre Artículos solicitados y creados en el dominio es.wikipedia.org. Incluye documentación, recursos y análisis.
https://es.wikipedia.org/wiki/Wikipedia:Artículos_solicitados	Wikipedia:Artículos solicitados — Conocimiento e Información	Artículo indexado sobre Wikipedia:Artículos solicitados en el dominio es.wikipedia.org. Incluye documentación, recursos y análisis.
https://es.wikipedia.org/wiki/Potencial_del_marcapasos	Potencial del marcapasos - Wikipedia, la enciclopedia libre	En las células marcapasos del corazón (p. ej., el nódulo sinoauricular), el potencial del marcapasos (también llamado corriente marcapasos) es el aumento lento y positivo del voltaje a través de la membrana celular, que se produce entre el final de un potencial de acción y el ...
https://en.wikipedia.org/wiki/Pacemaker%20potential	Pacemaker potential - Wikipedia	In the pacemaking cells of the heart (e.g., the sinoatrial node), the pacemaker potential (also called the pacemaker current) is the slow, positive increase in voltage across the cell's membrane, that occurs between the end of one action potential and the beginning of the next...
https://es.wikipedia.org/wiki/Syahi	Syahi - Wikipedia, la enciclopedia libre	El syahi, que se conoce también como gaab, ank, satham o karanai, es la mezcla utilizada para afinar numerosos instrumentos de percusión originarios del sur de Asia, como el dholki, jori, tabla, madal, mridangam, khol y pakhawaj.
https://en.wikipedia.org/wiki/Syahi	Syahi - Wikipedia	Syahi (also known as gaab, ank, satham or karanai) is the tuning paste applied to the head of many South Asian percussion instruments like the dholki, jori, tabla, madal, mridangam, khol and pakhavaj.
https://es.wikipedia.org/wiki/Nuussuup_Kangia	Nuussuup Kangia - Wikipedia, la enciclopedia libre	Nuussuup Kangia (antiguamente escrito Nûgssûp Kangia) (en danés: Ryder Isfjord) es un fiordo en Qeqqata, Groenlandia.[1]
https://en.wikipedia.org/wiki/Nuussuup%20Kangia	Nuussuup Kangia - Wikipedia	Nuussuup Kangia (old spelling: Nûgssûp Kangia, Danish: Ryder Isfjord) is a fjord in northwestern Greenland, located at the northern end of Upernavik Archipelago.[1]
https://es.wikipedia.org/wiki/Paatusoq	Paatusoq - Wikipedia, la enciclopedia libre	Paatusoq —registrado por Wilhelm August Graah como Patursok— es un fiordo situado en la costa del rey Federico VI, dentro del municipio de Kujalleq, en el sureste de Groenlandia. En groenlandés, su nombre significa «el de la boca grande».[1]
https://en.wikipedia.org/wiki/Paatusoq	Paatusoq - Wikipedia	Paatusoq - Wikipedia
https://es.wikipedia.org/wiki/Nuup_Kangerlua	Nuup Kangerlua - Wikipedia, la enciclopedia libre	Nuup Kangerlua es un fiordo en el municipio de Sermersooq, en el suroeste de Groenlandia. Cuenta con 190 km de largo"}},"i":0}}]}'>[a] y se extiende por un área de 2013 km².[1][2] Antiguamente era conocido como «fiordo de Godthaab», «seno de Gilbert»[3] o «río de Baal».[4] En ...
https://en.wikipedia.org/wiki/Nuup%20Kangerlua	Nuup Kangerlua - Wikipedia	Nuup Kangerlua - Wikipedia
https://es.wikipedia.org/wiki/Wikipedia:Imágenes_solicitadas	Wikipedia:Imágenes solicitadas — Conocimiento e Información	Artículo indexado sobre Wikipedia:Imágenes solicitadas en el dominio es.wikipedia.org. Incluye documentación, recursos y análisis.
https://es.wikipedia.org/wiki/Portal:Mantenimiento	Portal:Mantenimiento - Wikipedia, la enciclopedia libre	Este portal está pensado como central de trabajo para todos aquellos interesados en el mantenimiento de la Wikipedia en español.
https://es.wikipedia.org/wiki/Wikipedia:Contextualizar	Wikipedia:Contextualizar - Wikipedia, la enciclopedia libre	Un artículo sin contexto es un artículo que carece de información básica que permita saber de qué se trata. Esto significa que en la redacción del artículo no se indica cómo se relaciona el artículo dentro del esquema de conocimientos que una enciclopedia debe tener. Además, d...
https://es.wikipedia.org/wiki/Categoría:Wikipedia:Artículos_sin_contextualizar	Categoría:Wikipedia:Artículos sin contextualizar — Conocimiento e Información	Artículo indexado sobre Categoría:Wikipedia:Artículos sin contextualizar en el dominio es.wikipedia.org. Incluye documentación, recursos y análisis.
https://es.wikipedia.org/wiki/Wikipedia:Fusiones	Wikipedia:Fusiones - Wikipedia, la enciclopedia libre	Puesto que Wikipedia es la obra de numerosos colaboradores que trabajan sin coordinación previa, en ocasiones dos o más artículos tratan del mismo tema y se hace necesario incorporar el texto de ellos en uno solo, es decir: fusionarlos. Es posible que los artículos hayan sido ...
https://es.wikipedia.org/wiki/Categoría:Wikipedia:Fusionar	Categoría:Wikipedia:Fusionar — Conocimiento e Información	Artículo indexado sobre Categoría:Wikipedia:Fusionar en el dominio es.wikipedia.org. Incluye documentación, recursos y análisis.
https://es.wikipedia.org/wiki/Wikiproyecto:Copyedit	Wikiproyecto:Copyedit - Wikipedia, la enciclopedia libre	La lista de participantes puedes verla aquí.
https://es.wikipedia.org/wiki/Categoría:Wikipedia:Copyedit	Categoría:Wikipedia:Copyedit — Conocimiento e Información	Artículo indexado sobre Categoría:Wikipedia:Copyedit en el dominio es.wikipedia.org. Incluye documentación, recursos y análisis.
https://es.wikipedia.org/wiki/Wikipedia:Veracidad_discutida	Wikipedia:Veracidad discutida - Wikipedia, la enciclopedia libre	Las normas de Wikipedia sobre verificabilidad obligan el uso de referencias y enlaces que permitan sustentar un hecho o suceso que sea narrada por esta vía; no obstante lo anterior, en algunos casos, las publicaciones que se traen como referencia pueden también incurrir en las...
https://es.wikipedia.org/wiki/Categoría:Wikipedia:Veracidad_discutida	Categoría:Wikipedia:Veracidad discutida — Conocimiento e Información	Artículo indexado sobre Categoría:Wikipedia:Veracidad discutida en el dominio es.wikipedia.org. Incluye documentación, recursos y análisis.
https://es.wikipedia.org/wiki/Wikipedia:Páginas_sospechosas_de_violar_los_derechos_de_autor	Wikipedia:Páginas sospechosas de violar los derechos de autor — Conocimiento e Información	Artículo indexado sobre Wikipedia:Páginas sospechosas de violar los derechos de autor en el dominio es.wikipedia.org. Incluye documentación, recursos y análisis.
https://es.wikipedia.org/wiki/Categoría:Wikipedia:Artículos_sospechosos_de_violar_los_derechos_de_autor	Categoría:Wikipedia:Artículos sospechosos de violar los derechos de autor — Conocimiento e Información	Artículo indexado sobre Categoría:Wikipedia:Artículos sospechosos de violar los derechos de autor en el dominio es.wikipedia.org. Incluye documentación, recursos y análisis.
https://es.wikipedia.org/wiki/Wikipedia:Wikiproyectos	Wikipedia:Wikiproyectos - Wikipedia, la enciclopedia libre	Un wikiproyecto es una página donde los usuarios se coordinan para mejorar artículos relacionados con un mismo tema o actividad. Actualmente hay 250 wikiproyectos en marcha y 320 inactivos que puedes despertar.
https://es.wikipedia.org/wiki/Wikiproyecto:Ciudad_Real	Wikiproyecto:Ciudad Real - Wikipedia, la enciclopedia libre	La lista de participantes puedes verla aquí.
https://es.wikipedia.org/wiki/Wikiproyecto:Fujimorismo	Wikiproyecto:Fujimorismo - Wikipedia, la enciclopedia libre	La lista de participantes puedes verla aquí.
https://es.wikipedia.org/wiki/Wikiproyecto:Hawái	Wikiproyecto:Hawái — Conocimiento e Información	Artículo indexado sobre Wikiproyecto:Hawái en el dominio es.wikipedia.org. Incluye documentación, recursos y análisis.
https://es.wikipedia.org/wiki/Wikiproyecto:Indonesia	Wikiproyecto:Indonesia - Wikipedia, la enciclopedia libre	La lista de participantes puedes verla aquí.
https://es.wikipedia.org/wiki/Wikiproyecto:My_Little_Pony	Wikiproyecto:My Little Pony - Wikipedia, la enciclopedia libre	Wikiproyecto:My Little Pony - Wikipedia, la enciclopedia libre
https://es.wikipedia.org/wiki/Wikiproyecto:Naruto	Wikiproyecto:Naruto - Wikipedia, la enciclopedia libre	Si cree que puede hacer una contribución positiva al proyecto, conviértase en miembro uniéndose a la lista de miembros. Si no sabe qué escribir o por dónde empezar, o si tiene dudas o ideas sobre cómo mejorar un artículo, por favor diríjase a la página de discusión.
https://es.wikipedia.org/wiki/Wikiproyecto:Sahara_Occidental	Wikiproyecto:Sahara Occidental - Wikipedia, la enciclopedia libre	La lista de participantes puedes verla aquí.
https://es.wikipedia.org/wiki/Wikiproyecto:Sitios_arqueológicos_del_Perú	Wikiproyecto:Sitios arqueológicos del Perú — Conocimiento e Información	Artículo indexado sobre Wikiproyecto:Sitios arqueológicos del Perú en el dominio es.wikipedia.org. Incluye documentación, recursos y análisis.
https://es.wikipedia.org/wiki/Wikiproyecto:Biología	Wikiproyecto:Biología — Conocimiento e Información	Artículo indexado sobre Wikiproyecto:Biología en el dominio es.wikipedia.org. Incluye documentación, recursos y análisis.
https://es.wikipedia.org/wiki/Wikiproyecto:Wikipedia_grabada	Wikiproyecto:Wikipedia grabada - Wikipedia, la enciclopedia libre	La lista de participantes puedes verla aquí.
https://es.wikipedia.org/wiki/Wikipedia:Wikiconcurso	Wikipedia:Wikiconcurso - Wikipedia, la enciclopedia libre	Este es el Wikiconcurso de Wikipedia, cuyo objetivo es elegir un grupo de artículos y mejorarlos entre todos los wikipedistas. El artículo ganador podrá optar a la calificación de «artículo destacado», y el usuario que cree el mejor artículo obtendrá un wikipremio como reconoc...
https://es.wikipedia.org/wiki/Wikipedia:Editatón	Wikipedia:Editatón — Conocimiento e Información	Artículo indexado sobre Wikipedia:Editatón en el dominio es.wikipedia.org. Incluye documentación, recursos y análisis.
https://es.wikipedia.org/wiki/Wikiproyecto:Traducción_de_la_semana	Wikiproyecto:Traducción de la semana — Conocimiento e Información	Artículo indexado sobre Wikiproyecto:Traducción de la semana en el dominio es.wikipedia.org. Incluye documentación, recursos y análisis.
https://es.wikipedia.org/wiki/Inmunomarcaje	Inmunomarcaje - Wikipedia, la enciclopedia libre	El inmunomarcaje es un proceso bioquímico que permite la detección y localización de un antígeno en un sitio específico dentro de una célula, tejido u órgano. Los antígenos son moléculas orgánicas, generalmente proteínas, capaces de unirse a un anticuerpo. Estos antígenos pued...
https://en.wikipedia.org/wiki/Immunolabeling	Immunolabeling - Wikipedia	Immunolabeling is a biochemical process that enables the detection and localization of an antigen to a particular site within a cell, tissue, or organ. Antigens are organic molecules, usually proteins, capable of binding to an antibody. These antigens can be visualized using a...
https://es.wikipedia.org/wiki/Lóbulo_de_la_oreja	Lóbulo de la oreja — Conocimiento e Información	Artículo indexado sobre Lóbulo de la oreja en el dominio es.wikipedia.org. Incluye documentación, recursos y análisis.
https://en.wikipedia.org/wiki/Earlobe	Earlobe - Wikipedia	Earlobe - Wikipedia
https://es.wikipedia.org/wiki/Wikiproyecto:Actualidad	Wikiproyecto:Actualidad - Wikipedia, la enciclopedia libre	La lista de participantes puedes verla aquí.
https://es.wikipedia.org/wiki/Wikiproyecto:Biografías	Wikiproyecto:Biografías — Conocimiento e Información	Artículo indexado sobre Wikiproyecto:Biografías en el dominio es.wikipedia.org. Incluye documentación, recursos y análisis.
https://es.wikipedia.org/wiki/Zhuge_Liang	Zhuge Liang - Wikipedia, la enciclopedia libre	Zhuge Liang (chino tradicional:諸葛亮, chino simplificado: 诸葛亮, pinyin: Zhūgě Liàng;) (181-234),[1] también conocido por su nombre de cortesía como Kongming o Kong Ming (en chino: 孔明), fue un escritor, general militar, ingeniero e inventor, reconocido comúnmente por su labor dura...
https://es.wikipedia.org/wiki/Miguel_V	Miguel V - Wikipedia, la enciclopedia libre	Miguel V Calafates (1015 - 24 de agosto de 1042) (en griego Μιχαήλ Καλαφάτης, que significa "El Calafateador"), fue el sobrino y sucesor como emperador bizantino de Miguel IV e hijo adoptivo de su esposa Zoe. Su sobrenombre indica el oficio original de su padre.
https://es.wikipedia.org/wiki/Wikiproyecto:Cine	Wikiproyecto:Cine - Wikipedia, la enciclopedia libre	Bienvenidos al Wikiproyecto Cine
https://es.wikipedia.org/wiki/Matrimonio_a_la_italiana_(película_de_1964)	Matrimonio a la italiana (película de 1964) — Conocimiento e Información	Artículo indexado sobre Matrimonio a la italiana (película de 1964) en el dominio es.wikipedia.org. Incluye documentación, recursos y análisis.
https://es.wikipedia.org/wiki/The_Man_Who_Knew_Too_Little	The Man Who Knew Too Little - Wikipedia, la enciclopedia libre	The Man Who Knew Too Little es una película cómica de 1997, protagonizada por Bill Murray, dirigida por Jon Amiel y escrita por Robert Farrar y Howard Franklin. La película está basada en la novela de Farrar, Watch That Man, y el título es una parodia de la película de Alfred ...
https://es.wikipedia.org/wiki/Wikiproyecto:Química	Wikiproyecto:Química — Conocimiento e Información	Artículo indexado sobre Wikiproyecto:Química en el dominio es.wikipedia.org. Incluye documentación, recursos y análisis.
https://es.wikipedia.org/wiki/Berilio	Berilio - Wikipedia, la enciclopedia libre	1,57 (Pauling)
https://es.wikipedia.org/wiki/Nitinol	Nitinol - Wikipedia, la enciclopedia libre	El nitinol es una aleación de níquel (60-70%) y titanio (30-40%), y es el ejemplo más conocido de las llamadas aleaciones con memoria de forma.
https://es.wikipedia.org/wiki/Imina	Imina - Wikipedia, la enciclopedia libre	Una imina es un grupo funcional o compuesto orgánico con estructura general RR'C=NR'', donde R'' puede ser un H o un grupo orgánico, siendo en este último caso conocida también como base de Schiff.[1][2]
https://es.wikipedia.org/wiki/Wikiproyecto:Geografía	Wikiproyecto:Geografía — Conocimiento e Información	Artículo indexado sobre Wikiproyecto:Geografía en el dominio es.wikipedia.org. Incluye documentación, recursos y análisis.
https://es.wikipedia.org/wiki/Rift_Albertino	Rift Albertino - Wikipedia, la enciclopedia libre	El rift Albertino o falla Albertina es la rama occidental del rift de África Oriental, que abarca partes de Uganda, República Democrática del Congo (RDC), Ruanda, Burundi y Tanzania. Se extiende desde el extremo norte del lago Alberto hasta el extremo sur del lago Tanganica.
https://es.wikipedia.org/wiki/Delta_del_Orinoco	Delta del Orinoco - Wikipedia, la enciclopedia libre	El delta del Orinoco es el delta formado por la desembocadura en el Océano Atlántico del río Orinoco, en el noreste de Venezuela, uno de los ríos más grandes del mundo. Su extensión hizo pensar a los primeros exploradores españoles que se trataba de un mar. Es una zona de gran...
https://es.wikipedia.org/wiki/Wikiproyecto:Medicina	Wikiproyecto:Medicina - Wikipedia, la enciclopedia libre	La lista de participantes puedes verla aquí.
https://es.wikipedia.org/wiki/Humor_vítreo	Humor vítreo — Conocimiento e Información	Artículo indexado sobre Humor vítreo en el dominio es.wikipedia.org. Incluye documentación, recursos y análisis.
https://es.wikipedia.org/wiki/Joven_Polonia	Joven Polonia - Wikipedia, la enciclopedia libre	La Joven Polonia (en polaco: Młoda Polska) es un período modernista de las artes visuales, la literatura y la música polaca, que cubrió desde los años 1890 hasta 1918. Fue uno de los efectos de la fuerte oposición a las ideas del positivismo y promovió los caracteres de la dec...
https://es.wikipedia.org/wiki/Ragnarök	Ragnarök — Conocimiento e Información	Artículo indexado sobre Ragnarök en el dominio es.wikipedia.org. Incluye documentación, recursos y análisis.
https://es.wikipedia.org/wiki/Wikipedia:Acerca_de	Wikipedia:Acerca de - Wikipedia, la enciclopedia libre	Wikipedia en español es la versión en español de Wikipedia, un proyecto de enciclopedia web multilingüe de contenido libre basado en un modelo de edición abierta. Wikipedia crece cada día gracias a la participación de gente de todo el mundo, siendo el mayor proyecto de recopil...
https://es.wikipedia.org/wiki/Wikipedia:Wikipedistas	Wikipedia:Wikipedistas - Wikipedia, la enciclopedia libre	Los wikipedistas, en ocasiones también llamados wikipedianos,[1] son las personas que escriben o editan artículos para Wikipedia,[2] a diferencia de los lectores que simplemente leen los artículos. Forman parte de la Comunidad de Wikipedia y se comprometen a respetar los cinco...
https://es.wikipedia.org/wiki/Wikipedia:Derechos_de_autor	Wikipedia:Derechos de autor - Wikipedia, la enciclopedia libre	Los derechos de autor de los textos que figuran en Wikipedia corresponden a los editores que han colaborado en ellos y tales derechos se encuentran protegidos automáticamente en el marco del Convenio de Berna, que establece los estándares mínimos de protección de derechos de a...
https://es.wikipedia.org/wiki/Fundación_Wikimedia	Fundación Wikimedia — Conocimiento e Información	Artículo indexado sobre Fundación Wikimedia en el dominio es.wikipedia.org. Incluye documentación, recursos y análisis.
https://donate.wikimedia.org/w/index.php?title=Special:LandingPage&amp;country=ES&amp;uselang=es	Make your donation now - Wikimedia Foundation	Donate to the Wikimedia Foundation, the nonprofit that hosts Wikipedia and other crucial free knowledge projects. Each year, the generosity of the 2% of readers who donate allows us to expand the reach of Wikipedia and our other projects. Our goal is to ensure knowledge remain...
https://es.wikipedia.org/wiki/Wikipedia:Zona_de_pruebas/4	Wikipedia:Zona de pruebas/4 - Wikipedia, la enciclopedia libre	Información indexada por el motor Nuby.
https://es.wikipedia.org/wiki/Wikipedia:Programa_de_tutoría	Wikipedia:Programa de tutoría — Conocimiento e Información	Artículo indexado sobre Wikipedia:Programa de tutoría en el dominio es.wikipedia.org. Incluye documentación, recursos y análisis.
https://es.wikipedia.org/wiki/Ayuda:Cómo_se_edita_una_página	Ayuda:Cómo se edita una página — Conocimiento e Información	Artículo indexado sobre Ayuda:Cómo se edita una página en el dominio es.wikipedia.org. Incluye documentación, recursos y análisis.
https://es.wikipedia.org/wiki/Ayuda:Mapa_de_orientación_al_wikipedista	Ayuda:Mapa de orientación al wikipedista — Conocimiento e Información	Artículo indexado sobre Ayuda:Mapa de orientación al wikipedista en el dominio es.wikipedia.org. Incluye documentación, recursos y análisis.
https://es.wikipedia.org/wiki/Ayuda:Registro	Ayuda:Registro - Wikipedia, la enciclopedia libre	Registrarse en Wikipedia es gratis, y para hacerlo solo se requiere elegir un nombre de usuario y una contraseña; no es necesario agregar ningún dato personal.
https://es.wikipedia.org/wiki/Wikipedia:Políticas_y_convenciones	Wikipedia:Políticas y convenciones — Conocimiento e Información	Artículo indexado sobre Wikipedia:Políticas y convenciones en el dominio es.wikipedia.org. Incluye documentación, recursos y análisis.
https://es.wikipedia.org/wiki/Wikipedia:Lo_que_Wikipedia_no_es	Wikipedia:Lo que Wikipedia no es - Wikipedia, la enciclopedia libre	Wikipedia es una enciclopedia, es decir, es un texto que busca compendiar el conocimiento. Pero cuenta con muchos rasgos que no están presentes en las enciclopedias corrientes. Entre ellas, los artículos se editan en comunidad, el material evoluciona constantemente, la diversi...
https://es.wikipedia.org/wiki/Wikipedia:Verificabilidad	Wikipedia:Verificabilidad - Wikipedia, la enciclopedia libre	Todos los artículos de Wikipedia deben tener referencias suficientes (es decir, indicar la fuente de la información) para que el lector pueda comprobar la exactitud, precisión y neutralidad del artículo, y buscar más información sobre el tema. Todo el contenido de Wikipedia de...
https://es.wikipedia.org/wiki/Wikipedia:Punto_de_vista_neutral	Wikipedia:Punto de vista neutral - Wikipedia, la enciclopedia libre	Editar desde un punto de vista neutral (PVN) significa reflejar de manera justa, proporcionada y, en la medida de lo posible, sin sesgo, todos los puntos de vista significativos que hayan sido publicados por fuentes fiables. Constituye, junto a Lo que Wikipedia no es, uno de l...
https://es.wikipedia.org/wiki/Wikipedia:Manual_de_estilo	Wikipedia:Manual de estilo - Wikipedia, la enciclopedia libre	El manual de estilo de Wikipedia en español describe cómo redactar, organizar y dar formato a los artículos. El objetivo es que los artículos de la Wikipedia sean claros, precisos y consistentes, para que los lectores puedan entenderlos y aprovecharlos mejor.
https://es.wikipedia.org/wiki/Wikipedia:Qué_es_un_artículo_destacado	Wikipedia:Qué es un artículo destacado — Conocimiento e Información	Artículo indexado sobre Wikipedia:Qué es un artículo destacado en el dominio es.wikipedia.org. Incluye documentación, recursos y análisis.
https://es.wikipedia.org/wiki/Wikipedia:Qué_es_un_artículo_bueno	Wikipedia:Qué es un artículo bueno — Conocimiento e Información	Artículo indexado sobre Wikipedia:Qué es un artículo bueno en el dominio es.wikipedia.org. Incluye documentación, recursos y análisis.
https://es.wikipedia.org/wiki/Wikipedia:Civismo	Wikipedia:Civismo - Wikipedia, la enciclopedia libre	El civismo es una norma para la conducta de ediciones, comentarios y páginas de discusión de la Wikipedia.
https://es.wikipedia.org/wiki/Wikipedia:Etiqueta	Wikipedia:Etiqueta - Wikipedia, la enciclopedia libre	Wikipedia debería ser un lugar donde la gente disfrute editando artículos sobre su tema favorito, o corrigiendo otros, en un clima de colaboración y respeto mutuos.
https://es.wikipedia.org/wiki/Wikipedia:Presume_buena_fe	Wikipedia:Presume buena fe - Wikipedia, la enciclopedia libre	Presumir buena fe es un principio fundamental de cualquier wiki, incluyendo Wikipedia. Si se permite que cualquiera edite es, precisamente, porque se supone que la mayor parte de la gente que edita lo hace con el fin de contribuir al proyecto, y no con la intención de dañarlo....
https://es.wikipedia.org/wiki/Wikipedia:No_morder_a_los_novatos	Wikipedia:No morder a los novatos - Wikipedia, la enciclopedia libre	Wikipedia es hoy lo que es gracias no solo al trabajo de los miembros más dedicados, sino también a los aportes —frecuentemente anónimos— de los recién llegados. Todos los wikipedistas (editores registrados), incluso los más veteranos, fuimos una vez novatos que lo ignoraban t...
https://es.wikipedia.org/wiki/Wikipedia:Cómo_mantenerte_calmado_en_un_conflicto	Wikipedia:Cómo mantenerte calmado en un conflicto — Conocimiento e Información	Artículo indexado sobre Wikipedia:Cómo mantenerte calmado en un conflicto en el dominio es.wikipedia.org. Incluye documentación, recursos y análisis.
https://es.wikipedia.org/wiki/Wikipedia:Mediación_informal	Wikipedia:Mediación informal — Conocimiento e Información	Artículo indexado sobre Wikipedia:Mediación informal en el dominio es.wikipedia.org. Incluye documentación, recursos y análisis.
https://es.wikipedia.org/wiki/Wikipedia:Solicitudes_de_verificación_de_usuarios	Wikipedia:Solicitudes de verificación de usuarios — Conocimiento e Información	Artículo indexado sobre Wikipedia:Solicitudes de verificación de usuarios en el dominio es.wikipedia.org. Incluye documentación, recursos y análisis.
https://es.wikipedia.org/wiki/Wikipedia:Contacto	Wikipedia:Contacto - Wikipedia, la enciclopedia libre	Contacto Cómo ponerte en contacto con quienes hacemos posible Wikipedia
https://es.wikipedia.org/wiki/Wikipedia:Páginas_de_discusión	Wikipedia:Páginas de discusión — Conocimiento e Información	Artículo indexado sobre Wikipedia:Páginas de discusión en el dominio es.wikipedia.org. Incluye documentación, recursos y análisis.
https://es.wikipedia.org/wiki/Wikipedia:Listas_de_correo	Wikipedia:Listas de correo - Wikipedia, la enciclopedia libre	Hay varios medios que permiten conversar, discutir y preguntar entre wikipedistas.
https://es.wikipedia.org/wiki/Wikipedia:Encuentros	Wikipedia:Encuentros - Wikipedia, la enciclopedia libre	Las reuniones o encuentros entre wikipedistas regulares (o más espontáneas) tienen lugar en ciudades de todo el mundo. Esta página se utiliza como punto de partida para los wikipedistas que organizan reuniones, y las subpáginas se utilizan para finalizar los detalles una vez q...
https://es.wikipedia.org/wiki/Wikipedia:Página_de_usuario	Wikipedia:Página de usuario — Conocimiento e Información	Artículo indexado sobre Wikipedia:Página de usuario en el dominio es.wikipedia.org. Incluye documentación, recursos y análisis.
https://es.wikipedia.org/wiki/Wikipedia:Libro_de_visitas	Wikipedia:Libro de visitas - Wikipedia, la enciclopedia libre	Bienvenido al libro de visitas de Wikipedia en español
https://es.wikipedia.org/wiki/Wikipedia:Vamos_a_sentarnos_y_tomar_un_té	Wikipedia:Vamos a sentarnos y tomar un té — Conocimiento e Información	Artículo indexado sobre Wikipedia:Vamos a sentarnos y tomar un té en el dominio es.wikipedia.org. Incluye documentación, recursos y análisis.
https://es.wikipedia.org/wiki/Wikipedia:Artículos_buenos	Wikipedia:Artículos buenos — Conocimiento e Información	Artículo indexado sobre Wikipedia:Artículos buenos en el dominio es.wikipedia.org. Incluye documentación, recursos y análisis.
https://es.wikipedia.org/wiki/Wikipedia:Política_de_borrado	Wikipedia:Política de borrado — Conocimiento e Información	Artículo indexado sobre Wikipedia:Política de borrado en el dominio es.wikipedia.org. Incluye documentación, recursos y análisis.
https://es.wikipedia.org/wiki/Wikipedia:Candidaturas_a_bibliotecario/Tabla	Wikipedia:Candidaturas a bibliotecario/Tabla - Wikipedia, la enciclopedia libre	(propuesto por Christii)
https://es.wikipedia.org/wiki/Proyectos_Wikimedia	Anexo:Proyectos Wikimedia - Wikipedia, la enciclopedia libre	La siguiente es una lista de los proyectos operados por la Fundación Wikimedia, una organización sin ánimo de lucro.
https://es.wikipedia.org/wiki/Wikipedia:Coordinación_plurilingüe	Wikipedia:Coordinación plurilingüe — Conocimiento e Información	Artículo indexado sobre Wikipedia:Coordinación plurilingüe en el dominio es.wikipedia.org. Incluye documentación, recursos y análisis.
https://es.wikipedia.org/wiki/commons:Portada	Portada - Wikimedia Commons	+/−&#160;(es),&#160;+/−&#160;(en)
https://commons.wikimedia.org/wiki/Portada	Portada - Wikimedia Commons	+/−&#160;(es),&#160;+/−&#160;(en)
https://es.wikipedia.org/wiki/wikt:Wikcionario:Portada	Wikcionario, el diccionario libre	Ten en cuenta: Las entradas de Wikcionario distinguen entre mayúsculas y minúsculas.Por ejemplo: no es lo mismo «victoria» que «Victoria», ni «eso» que «ESO».
https://es.wiktionary.org/wiki/Wikcionario:Portada	Wikcionario, el diccionario libre	Ten en cuenta: Las entradas de Wikcionario distinguen entre mayúsculas y minúsculas.Por ejemplo: no es lo mismo «victoria» que «Victoria», ni «eso» que «ESO».
https://es.wikipedia.org/wiki/wikidata:Wikidata:Portada	wikidata:Wikidata:Portada — Conocimiento e Información	Artículo indexado sobre wikidata:Wikidata:Portada en el dominio es.wikipedia.org. Incluye documentación, recursos y análisis.
https://www.wikidata.org/wiki/Wikidata:Portada	Wikidata:Portada — Conocimiento e Información	Artículo indexado sobre Wikidata:Portada en el dominio www.wikidata.org. Incluye documentación, recursos y análisis.
https://es.wikipedia.org/wiki/b:Portada	Wikilibros	¡Bienvenidos! a Wikilibros
https://es.wikibooks.org/wiki/Portada	Wikilibros	¡Bienvenidos! a Wikilibros
https://es.wikipedia.org/wiki/n:Portada	Wikinoticias	En portadaFundación Wikimedia cierra Wikinoticias después de 21 años
https://es.wikinews.org/wiki/Portada	Wikinoticias	En portadaFundación Wikimedia cierra Wikinoticias después de 21 años
https://es.wikipedia.org/wiki/q:Portada	Wikiquote	Wikiquote
https://es.wikiquote.org/wiki/Portada	Wikiquote	Wikiquote
https://es.wikipedia.org/wiki/s:Portada	Wikisource	¿Qué es Wikisource? Portal de la comunidad Ayuda El Café Consultas
https://es.wikisource.org/wiki/Portada	Wikisource	¿Qué es Wikisource? Portal de la comunidad Ayuda El Café Consultas
https://es.wikipedia.org/wiki/wikispecies:Portada	Portada - Wikispecies	Bienvenido/a a Wikispecies
https://species.wikimedia.org/wiki/Portada	Portada - Wikispecies	Bienvenido/a a Wikispecies
https://es.wikipedia.org/wiki/v:Portada	Wikiversidad	Bienvenido a la Wikiversidad, una plataforma educativa, online, libre y gratuita, con filosofía wiki.
https://es.wikiversity.org/wiki/Portada	Wikiversidad	Bienvenido a la Wikiversidad, una plataforma educativa, online, libre y gratuita, con filosofía wiki.
https://es.wikipedia.org/wiki/voy:es:Página_principal	voy:es:Página principal — Conocimiento e Información	Artículo indexado sobre voy:es:Página principal en el dominio es.wikipedia.org. Incluye documentación, recursos y análisis.
https://es.wikivoyage.org/wiki/es:Página%20principal	es:Página%20principal — Conocimiento e Información	Artículo indexado sobre es:Página%20principal en el dominio es.wikivoyage.org. Incluye documentación, recursos y análisis.
https://es.wikipedia.org/wiki/m:Portada/Es	Página principal - Meta-Wiki	Bienvenido a Meta-Wiki, el sitio global de la comunidad para los proyectos de la Fundación Wikimedia y proyectos relacionados, desde la coordinación y documentación hasta la planificación y el análisis.
https://meta.wikimedia.org/wiki/Portada/es	Página principal - Meta-Wiki	Bienvenido a Meta-Wiki, el sitio global de la comunidad para los proyectos de la Fundación Wikimedia y proyectos relacionados, desde la coordinación y documentación hasta la planificación y el análisis.
https://es.wikipedia.org/wiki/Especial:Categor%C3%ADas	Categorías - Wikipedia, la enciclopedia libre	Las siguientes 51 categorías existen en la wiki y pueden o no estar sin uso. Véase también las Categorías requeridas.
https://es.wikipedia.org/wiki/Categor%C3%ADa:Wikipedia:Portales	Categoría:Wikipedia:Portales - Wikipedia, la enciclopedia libre	Véase: Wikipedia:Portal y Portal:Portada.
https://es.wikipedia.org/wiki/Categor%C3%ADa:Wikipedia:Comunidad	Categoría:Wikipedia:Comunidad - Wikipedia, la enciclopedia libre	Esta categoría lista las páginas relacionadas con Wikipedia en tanto proyecto colaborativo social.
https://www.mediawiki.org/wiki/Special:MyLanguage/Parsoid	Parsoid - MediaWiki	Parsoid is a PHP library that is used for converting back and forth between wikitext and HTML. It has been under development since 2012, originally written in JavaScript and built to support the VisualEditor . It has been bundled with MediaWiki since version 1.35. In MediaWiki...
https://es.wikipedia.org/wiki/Wikipedia:Texto_de_la_Licencia_Creative_Commons_Atribuci%C3%B3n-CompartirIgual_4.0_Internacional	Wikipedia:Texto de la Licencia Creative Commons Atribución-CompartirIgual 4.0 Internacional - Wikipedia, la enciclopedia libre	El texto legal de la licencia completa puede verlo aquí. (Advertencia: Este es un resumen y no un sustituto de la licencia.)
https://foundation.wikimedia.org/wiki/Policy:Terms_of_Use/es	Términos de uso - Wikimedia Foundation Governance Wiki	No puede ser eludida, socavada o ignorada por los funcionarios o el personal de la Fundación Wikimedia ni por las políticas locales de cualquier proyecto de Wikimedia.
https://foundation.wikimedia.org/wiki/Policy:Privacy_policy/es	Política de Privacidad de la Fundación Wikimedia - Wikimedia Foundation Governance Wiki	Advertencia: El título visualizado "Política de Privacidad de la Fundación Wikimedia" sobreescribe al anterior "Política de privacidad".
https://wikimediafoundation.org/es/	Inicio &#8211; Wikimedia Foundation	La Wikimedia Foundation es la organización sin fines de lucro que alberga Wikipedia y otros proyectos de conocimiento libre, apoyando a las personas y la tecnología que los hacen posibles.
https://foundation.wikimedia.org/wiki/Special:MyLanguage/Policy:Privacy_policy/es	Wikimedia Foundation Privacy Policy - Wikimedia Foundation Governance Wiki	It may not be circumvented, eroded, or ignored by Wikimedia Foundation officers or staff nor local policies of any Wikimedia project.
https://es.wikipedia.org/wiki/Wikipedia:Limitaci%C3%B3n_general_de_responsabilidad	Wikipedia:Limitación general de responsabilidad - Wikipedia, la enciclopedia libre	Wikipedia es una enciclopedia colaborativa online de contenido abierto, es decir, una asociación voluntaria de personas y grupos que desarrollan conjuntamente una fuente del conocimiento humano. Sus términos de uso permiten a cualquier persona que dispone de conexión a Interne...
https://foundation.wikimedia.org/wiki/Special:MyLanguage/Legal:Wikimedia_Foundation_Legal_and_Safety_Contact_Information	Legal:Wikimedia Foundation Legal and Safety Contact Information - Wikimedia Foundation Governance Wiki	This website and other Wikimedia Projects are hosted by the Wikimedia Foundation, Inc., a United States 501(c)(3) non-profit charitable organization dedicated to encouraging the growth, development and distribution of free, multilingual content, and to providing the full conte...
https://foundation.wikimedia.org/wiki/Special:MyLanguage/Policy:Universal_Code_of_Conduct	Wikimedia Foundation Universal Code of Conduct - Wikimedia Foundation Governance Wiki	It may not be circumvented, eroded, or ignored by Wikimedia Foundation officers or staff nor local policies of any Wikimedia project.Per resolution by the Foundation's Board, the Universal Code of Conduct (UCoC) applies to all Wikimedia projects and spaces as well as Foundatio...
https://developer.wikimedia.org	Discover and build Wikimedia technology - Wikimedia Developer Portal	Find technical documentation, and connect with Wikimedia developer communities.
https://stats.wikimedia.org/	Wikistats - Statistics For Wikimedia Projects	Statistics for Wikimedia Projects: Wikipedia, Commons, Wikidata, Wikivoyage, Wiktionary, Wikibooks, Wikinews, Wikiquote, Wikiversity
https://foundation.wikimedia.org/wiki/Special:MyLanguage/Policy:Cookie_statement/es	Wikimedia Cookie Statement - Wikimedia Foundation Governance Wiki	It may not be circumvented, eroded, or ignored by Wikimedia Foundation officers or staff nor local policies of any Wikimedia project.
https://es.wikipedia.org/w/index.php?title=Portal:Comunidad&amp;mobileaction=toggle_view_mobile	Portal:Comunidad - Wikipedia, la enciclopedia libre	Portal de la comunidad Donde descubrir lo que sucede en Wikipedia, cómo colaborar y algunos recursos de interés.
https://www.wikimedia.org/	Wikimedia	The Wikimedia movement is a global community of people, projects, and activities working together to create and share knowledge freely.
https://www.mediawiki.org/	MediaWiki	.mw-parser-output .mainpage_row{display:flex;flex-direction:row;flex-flow:row wrap;justify-content:space-between;padding:0;gap:10px;margin-top:10px;margin-bottom:10px}.mw-parser-output .mainpage_box{flex:1;min-width:210px;border:1px solid #a2a9b1;padding:0 10px 10px 10px;box-s...
https://es.wikipedia.org/w/index.php?title=Especial:Crear_una_cuenta&amp;returnto=Ciencia	Crear una cuenta - Wikipedia, la enciclopedia libre	Idioma: Deutsch · English · Esperanto · Français · Italiano · Nederlands
https://es.wikipedia.org/w/index.php?title=Especial:Entrar&amp;returnto=Ciencia	Ingresar - Wikipedia, la enciclopedia libre	Idioma: Deutsch · English · Esperanto · Français · Italiano · Nederlands
https://ab.wikipedia.org/wiki/%D0%90%D2%AD%D2%B5%D0%B0%D0%B0%D1%80%D0%B0%D0%B4%D1%8B%D1%80%D1%80%D0%B0	Аҭҵаарадырра — Авикипедиа	Аҭҵаарадырра (протослав. * na - + * učiti - арҵара, аҵара) — иҟоу иану иазкны адыррақәа ралкаареи реихшареи иазырхоу усуроуп.
https://af.wikipedia.org/wiki/Wetenskap	Wetenskap - Wikipedia	Wiskunde Wiskundige logika Wiskundige statistiek Rekenaarwetenskap
https://als.wikipedia.org/wiki/Wissenschaft	Wüsseschaft - Alemannische Wikipedia	Mit Wüsseschaft isch d Erwiterig vom Wüsse dur Forschig gmäint, si Witergoob dur d Leer, dr gsellschaftligi, historischi und instituzionelli Raame, wo mä das in em organisiert macht, und s ganze Wüsse, wo so erworbe worde isch. D Forschig isch die methodischi Suechi noch nöije...
https://am.wikipedia.org/wiki/%E1%88%B3%E1%8B%AD%E1%8A%95%E1%88%B5	ውክፔዲያ - ሳይንስ	ሳይንስ የሚለው ቃል ከላቲን scientia (/ስኪየንቲያ/)[1] የመጣ ሲሆን ትርጉሙም «ዕውቀት» ማለት ነው። ሆኖም ግን በአሁኑ ዘመን ሳይንስ ማለት ዕውቀት ማለት አይደለም። ሳይንስ የዕውቀት ዘርፍ ነው እንጂ ሁሉ ዕውቀት ሳይንስ አይደለም። ፍልስፍና ለምሳሌ ሳይንስ አይደለም ምንም እንኳ ዕውቀት ቢሆንም። ሂሳብ ለምሳሌ ሳይንስ አይደለም ዕውቀት ይሁን እንጂ።
https://an.wikipedia.org/wiki/Ciencia	Ciencia - Biquipedia, a enciclopedia libre	Ciencia[1] (d'o latín scientia, conoiximiento, pronunciato ˈθen.θja u ˈθjen.θja) son as diferents brancas d'o saber humano, y en un sentito cheneral ye o conchunto de conoiximientos. Manimenos, dende o sieglo XIX, o significato semantico d'a palabra s'ha reducito a l'actividat...
https://ang.wikipedia.org/wiki/Witancr%C3%A6ft	Witancræft - Wikipǣdia, sēo frēo wīsdōmbōc	Ƿitancræft (on Nīƿenglisce hātte science) is fandung tō aspyrienne, þurh fandungfæstnesse ("empirical method").
https://anp.wikipedia.org/wiki/%E0%A4%B5%E0%A4%BF%E0%A4%9C%E0%A5%8D%E0%A4%9E%E0%A4%BE%E0%A4%A8	विज्ञान - विकिपीडिया	विज्ञान एगो व्यवस्थित प्रयास छेकै जे ब्रह्मांड केरौ बारै मँ परीक्षण योग्य व्याख्या आरू भविष्यवाणी के रूप मँ ज्ञान केरौ निर्माण आरू संगठन करै छै। आधुनिक विज्ञान केरऽ पहचानऽ योग्य पूर्ववर्ती केरऽ सबसँ पुरानऽ लिखित अभिलेख प्राचीन मिस्र आरू मेसोपोटामिया स॑ लगभग ३००० स॑ १२०० ई.पू. ...
https://ar.wikipedia.org/wiki/%D8%B9%D9%84%D9%85	علم - ويكيبيديا	العِلْـمُ (الجمع: العُلوم)، (اللاتينية: Scientia) أي «المعرفة»[1] هو أسلوب منهجي لبناء وتنظيم المعرفة في صورة تفسيرات وتوقعات قابلة للاختبار.[2](1)(2) يرتكز مفهوم العلم على مصطلح المنهجية العلمية الذي بدوره يدرس البيانات ويضع فرضيات لتفسيرها ويختبرها وكل هذه العملية للوصول إلى...
https://ary.wikipedia.org/wiki/%D8%B5%D9%8A%D9%88%D9%86%D8%B5	صيونص - ويكيپيديا	صّيونص هوّا دمير منهاجي لي كيبني ؤ كينضّم لمعرفة على لكون ؤ لموجودات لي فيه، بشكل لي قابل ل تّجريب ؤ تّوقع.[1] صّيونص تقدر تكون قديمة ب لقدومية د لبشرية، ؤ كاينين أدلة أركيولوجية عمرها عشرات ألاف د لعوام بلي بنادم كان كيستعمل لمنهج د صّيونص. دّلائل لمكتوبة كانلقاوها من لفترة د...
https://arz.wikipedia.org/wiki/%D8%B9%D9%84%D9%85	علم - ويكيبيديا	تعديل
https://as.wikipedia.org/wiki/%E0%A6%AC%E0%A6%BF%E0%A6%9C%E0%A7%8D%E0%A6%9E%E0%A6%BE%E0%A6%A8	বিজ্ঞান - অসমীয়া ৱিকিপিডিয়া	গণিত গাণিতিক যুক্তি গাণিতিক পৰিসংখ্যা
https://ast.wikipedia.org/wiki/Ciencia	Ciencia - Wikipedia	Ciencia[1] (del llatín: scientia, conocimientu) son les distintes estayes del saber humanu que pueden distinguise y clasificase pol so oxetu d' estudiu y pol so métodu de gueta del saber o la verdá.
https://av.wikipedia.org/wiki/%D0%93%D3%80%D0%B5%D0%BB%D0%BC%D1%83	ГӀелму — Википедия	ГIéлму ккола гIадамасул хIалтIул рахъ, жибги хIакъикъаталда бугеб жоялъул бугеб объективияб лъаялъул хIалтIул рахъиялдеги систематизация гьабиялдеги буссараб. Гьеб хIалтIул кьучIлъун ккола хIужжаби ракIари, гьел цIи гьари ва гьезул систематизация гьаби, гьезул критикияб анализ...
https://avk.wikipedia.org/wiki/Opa	Opa — Wikipedia	Opa sotir belca dem grupera is vayara vas tamefa voda, i batcoba adalana gan uga exonena male rotuageltana mukodafa dizvera is nustafa ovara isu nuva.
https://ay.wikipedia.org/wiki/Yatxatawi	Yatxatawi - Wikipedia	Yatxatawi (latin aru: Scientia, kastilla aru: Ciencia). CIENCIA TOQEJJ KUNANAKAS JIKJJATASIWAYI
https://az.wikipedia.org/wiki/Elm	Elm — Vikipediya	Elm — Vikipediya
https://azb.wikipedia.org/wiki/%D8%B9%D9%84%D9%85	علم - ویکی‌پدیا	علم - ویکی‌پدیا
https://ba.wikipedia.org/wiki/%D0%A4%D3%99%D0%BD	Фән — Википедия	Фән (шулай уҡ ғилем) — кеше эшмәкәрлегенең ысынбарлыҡ тураһындағы объектив белемдәрҙе булдырыусы һәм системалаштырыусы өлкәһе. Факттарҙы йыйыу, даими яңыртыу һәм системалаштырыу, тәнҡитле анализ һәм ошоноң нигеҙендә яңы белемдәр йә дөйөмләштереүҙәр синтезлау был эшмәкәрлектең ...
https://bar.wikipedia.org/wiki/Wissnschoft	Wissnschoft – Boarische Wikipedia	De Wissnschoft (dt.: Wissenschaft) is de systematische Strebn vom Menschn, Wissn afzbaaun und z organisian. In da modeana Wissnschoft geht's um nochpriafbore Eaklearunga und Voraussogn ibas ganze Universum.
https://bat-smg.wikipedia.org/wiki/Muokslos	Muokslos - Wikipedia	Muokslos īr sistemings procesos, katruo tėkslas īr gilesniū žėniū supratėma igavėms.
https://bcl.wikipedia.org/wiki/Siyensya	Siyensya - Wikipedia	An siyensya (gikan sa Kastila: ciencia, Ingles: science, Tagalog: agham) iyo an sistematikong proseso sa pagguno nin kaaraman asin an organisadong parte kan kaaraman na naguno sa paaging ini.
https://be-tarask.wikipedia.org/wiki/%D0%9D%D0%B0%D0%B2%D1%83%D0%BA%D0%B0	Навука — Вікіпэдыя	Наву́ка — сфэра чалавечай дзейнасьці, накіраваная на выпрацоўку й тэарэтычную сыстэматызацыю аб’ектыўных ведаў аб рэчаіснасьці. У старэйшым і вузкім значэньні, як то на думку Арыстотэля, навука ставіцца да дакладных ведаў пра сябе, што можна было бы лягічна й рацыянальна растл...
https://be.wikipedia.org/wiki/%D0%9D%D0%B0%D0%B2%D1%83%D0%BA%D0%B0	Навука — Вікіпедыя	Навука — сістэма аб'ектыўных, абгрунтаваных ведаў аб рэчаіснасці; сфера чалавечай дзейнасці, накіраваная на выпрацоўку і тэарэтычную сістэматызацыю аб'ектыўных ведаў аб рэчаіснасці. Класічная навука старажытнасці была цесна звязана з філасофіяй. Пачынаючы з XVII стагоддзя нату...
https://bg.wikipedia.org/wiki/%D0%9D%D0%B0%D1%83%D0%BA%D0%B0	Наука – Уикипедия	Наука в най-широкия класически смисъл е систематизирано достоверно знание, което може да бъде убедително обяснено чрез логиката.[1][2] Съвременната философия на науката дефинира понятието по-тясно, като ограничава обхвата му до знанието, което е експериментално проверимо въз о...
https://bh.wikipedia.org/wiki/%E0%A4%AC%E0%A4%BF%E0%A4%9C%E0%A5%8D%E0%A4%9E%E0%A4%BE%E0%A4%A8	बिज्ञान - विकिपीडिया	बिज्ञान चाहे बिग्यान, साइंस (Science), ज्ञान के अइसन सिस्टम हवे जे भौतिक दुनियाँ के बारे में सिस्टमेटिक तरीका से (बैज्ञानिक बिधी से) जानकारी, ज्ञान आ अनुभव हासिल करे ला; बिना कौनों लाग-लपेट के भौतिक चीजन के देखे, परखे आ उनहन पर टेस्ट आ एक्सपेरिमेंट क के उनहना के बारे में ज्ञान...
https://bi.wikipedia.org/wiki/Saens	Saens - Wikipedia	Saens (blong Latin: scientia, long 'save') i jenism mo grup long nolej long experimens mo predik olgeta wol.
https://bjn.wikipedia.org/wiki/Ilmu	Ilmu - Wikipidia Banjar, kindai pangatahuan	Ilmu atawa ilmu pangatahuan adalah saluruh usaha sadar gasan manyalidiki, mandapatakan, wan maningkatakan pamahaman manusia nang tabagi di bamacam-macam kanyataan dalam alam manusia.[1] Sagi-sagi naya dibatasi sakira dihasilakan rumusan-rumusan nang pasti. Ilmu mambariakan kap...
https://blk.wikipedia.org/wiki/%E1%80%9E%E1%80%AD%E1%80%95%E1%80%B9%E1%80%95%E1%80%B6	သိပ္ပံ - ဝီခီပီးဒီးယား	သိပ္ပံ ယို အဲန်ႏကလေက်ဟဲ့ꩻ sciences ၊ အောဝ်ႏလဲတ်တေန်ငေါဝ်း "သီရန်ဆျား" ကိုထွာလွဉ်၊ အဓိပ္ပါယ်ႏနောဝ်ꩻ ဗာဟုသုတ။ ရမ်ꩻထူႏ ကမ္ဘာႏဟံႏ တွမ်ႏ စက္ကျာꩻဝဠာႏခရာႏ၊ ဖျိုးဆျင်ꩻတွက်တောမ်ထာꩻ၊ မာꩻစမ်ႏဆမ်ꩻထာꩻ၊ တယ်ႏထွင်ႏ မာꩻထွာလွဉ်ထာꩻ စတဲင် ထာꩻသေဗာဟုသုတ အစုအဗူႏဖုံႏ ယမ်ဖေႏနေး ကထွာတဲပ်တဲပ်အတာႏ ခုမ်ꩻမ...
https://bm.wikipedia.org/wiki/D%C9%94nniya	Dɔnniya — Wikipedia bamanankan	Dɔnniya ye faamuya ni hakili baaracogo ye.
https://bn.wikipedia.org/wiki/%E0%A6%AC%E0%A6%BF%E0%A6%9C%E0%A7%8D%E0%A6%9E%E0%A6%BE%E0%A6%A8	বিজ্ঞান - উইকিপিডিয়া	বিজ্ঞান হলো একটি পদ্ধতিগত শৃঙ্খলা, যা পরীক্ষাযোগ্য অনুমান ও ভবিষ্যদ্বাণীর মাধ্যমে জগত সম্পর্কে জ্ঞান গঠন ও সংগঠিত করে ।সংক্ষেপে বললে বিজ্ঞান হলো বিশেষ জ্ঞান।[১][২] আধুনিক বিজ্ঞান সাধারণত দুই বা তিনটি প্রধান শাখায় বিভক্ত থাকে:[৩] প্রাকৃতিক বিজ্ঞান (যেমন পদার্থবিজ্ঞান, রসায়ন ও...
https://bo.wikipedia.org/wiki/%E0%BD%9A%E0%BD%93%E0%BC%8B%E0%BD%A2%E0%BD%B2%E0%BD%82	ཚན་རིག - Wikipedia	ན་རིག་གིས་དངོས་པོའི་གནས་ལུགས་དང་དེ་དག་བར་གྱི་འགལ་འབྲེལ་བཅས་པར་རྟོག་དཔྱོད་བྱེ
https://br.wikipedia.org/wiki/Skiant	Skiant - Wikipedia	Ar Skiant (eus al latin scientia, "anaoudegezh") zo ur reizhiad da zastum anaoudegezh zo diazezet war an hentenn skiantel. Ar skiant zo ivez hollad urzhiet an anaoudegezh gounezet dre an enklask-se[1],[2]. Ar skiant evel ma’z eo termenet amañ zo anvet a-wezhioù skiant glann ev...
https://bs.wikipedia.org/wiki/Nauka	Nauka - Wikipedia	Nauka ili znanost (latinski: scientia = znanje; grčki: λογος – logos = nauka, znanje, znanost, učenje) je sistem sređenih i sistematiziranih znanja o nama i (materijalnom i nematerijalnom) svijetu koji nas okružuje. To je obimna i opsežna skupina informacija i o nekom subjektu...
https://btm.wikipedia.org/wiki/Elmu	Elmu - Wikipedia	Elmu, sains, Elmu parbinotoan ima sude usao sodar get mamboto, anso dapot, dot maningkatkon pamahaman ni alak ngon marmocom sogi kanyataan ibagasan alam namangoluon. Sogi-sogi on ibatasi anso dapotma rumusan-rumusan na pasti. Elmu malehen kapastian dohot mambatasi lingkup pand...
https://bug.wikipedia.org/wiki/%E1%A8%94%E1%A8%95%E1%A8%97%E1%A8%8A%E1%A8%94	ᨔᨕᨗᨊᨔ - Wikipedia	ᨔᨕᨗᨊᨔ (science) ᨕᨗᨕᨊᨑᨗᨈᨘ ᨙᨔᨕᨘᨓ ᨄᨛᨑᨚᨙᨔᨙᨔ ᨕᨗᨒᨛᨆᨘ᨞
https://bxr.wikipedia.org/wiki/%D0%AD%D1%80%D0%B4%D1%8D%D0%BC_%D1%83%D1%85%D0%B0%D0%B0%D0%BD	Эрдэм ухаан — Wikipedia	Эрдэм ухаан (шэнжэлхэ ухаан, scientia гэһэн латин үгэһөө гаралтай) гээшэ эрдэм ухаанай шудалалай арга дээрэ тулгуурилһан мэдэлгын согсо, ондоогоор хэлэбэл шудалгын үрэ дүнгээрээ гаргажа абаһан, зохёон байгуулалтада оруулһан мэдэлгэ юм.[1][2] Шэнжэлхы эрдэм ухаан гэдэгтэ, зарим...
https://ca.wikipedia.org/wiki/Ci%C3%A8ncia	Ciència - Viquipèdia, l'enciclopèdia lliure	Matemàtica · Computació
https://cdo.wikipedia.org/wiki/Ku%C5%8F-h%C5%8Fk	Kuŏ-hŏk - Wikipedia	Kuŏ-hŏk (科學) sê ngièng-géu cê̤ṳ-iòng, siâ-huôi dēng dēng gáuk cṳ̄ng sāi lò̤-cék tŭi-lī gì hŏk-kuŏ gì tūng-chĭng.
https://ce.wikipedia.org/wiki/%D3%80%D0%B8%D0%BB%D0%BC%D0%B0	Ӏилма — Википеди	АгӀо теллина йац
https://ceb.wikipedia.org/wiki/Alamdag	Alamdag - Wikipedia	Ang kaalamdag (Kinatsila: cien·cia, gikan sa Linating scientia, "kahibaloan") mao ang bisa'g-unsa nga sistematikong metodolohiya para sa pagkolekta og eksaktong kasayuran mahitungod sa reyalidad ug para sa pagmodelo niini aron magamit sa paghimo og relayabol, kongkreto, ug kwa...
https://chr.wikipedia.org/wiki/%E1%8F%82%E1%8E%A6%E1%8E%A5_%E1%8E%A0%E1%8E%A6%E1%8F%8E%E1%8F%8D%E1%8F%94%E1%8F%85	ᏂᎦᎥ ᎠᎦᏎᏍᏔᏅ - Wikipedia	ᏂᎦᎥ ᎠᎦᏎᏍᏔᏅ[1] (nigav agasestanv)
https://ckb.wikipedia.org/wiki/%D8%B2%D8%A7%D9%86%D8%B3%D8%AA	زانست - ویکیپیدیا، ئینسایکڵۆپیدیای ئازاد	زانست، پێکھاتەیەکە بۆ بەرھەمھێنان و ڕێکخستنی زانیاری لەسەر جیھانی سروشت، بەشێوەی ڕاڤە، لێکدانەوە و پێشبینی ئەزموون لەبار. ئەرەستوو زانیاری زانستی بە کۆمەڵێک زانیاری دڵنیا و خاترجەم دەزانی کە لە باری ژیری و عەقڵانیدا لە وتن بێن.
https://crh.wikipedia.org/wiki/%C4%B0lim	İlim - Vikipediya	İlim - dünya (tabiat ve cemiyet) aqqında aqiqiy bilgi almaq, dünyanıñ obyektiv qanunlarını keşif etmek ve onıñ inkişaf etecegini tahmin etmek maqsadınen yapılğan kişilerniñ faaliyetidir.
https://cs.wikipedia.org/wiki/V%C4%9Bda	Věda – Wikipedie	Věda jako celek je systematický způsob empirického a racionálního poznávání skutečnosti zaměřený na spolehlivost výsledků a často i na možnosti predikce a aplikace (aplikované vědy). Předmětem vědeckého poznání jsou objekty a procesy reálného světa. Základní dělení reálného sv...
https://csb.wikipedia.org/wiki/%C3%99czba	Ùczba - Kaszëbskô Wikipedijô	Ùczba je całownotą ùsystematizowóny, lëdzczi wiedzbë, jakô mòże bëc wielerazowò empiriczno (dokôzama) werifikòwónô. Słowò "ùczba" mòże òznôczac téż òglową spòlëznã ùczałich ôs metodë, jaczima sã òni pòsługòwają przë dochôdanim do wiedzbë.
https://cv.wikipedia.org/wiki/%C4%82%D1%81%D0%BB%C4%83%D1%85	Ăслăх — Википеди	Ăслăх, — çын ĕçĕн сфери, хăшĕн тĕллевĕ тĕрĕс пĕлӳсене пуçтарасси, ăнланасси тата йĕркелесси, çĕнĕ теорисене (çутçанталăкри е пĕрлĕхри пулăмĕсене ăнлантарса вĕсен аталанăвне малалла мĕнле каяссине сăнамашкăн) пуçарса ярасси е пуррисене аталантарасси.
https://cy.wikipedia.org/wiki/Gwyddoniaeth	Gwyddoniaeth - Wicipedia	System o wybodaeth a dealltwriaeth o'r byd ffisegol, sy'n defnyddio dulliau a ellir eu gwirio yw gwyddoniaeth. Yn benodol, mae'n cyfeirio at system o ganfod gwybodaeth sy'n seiliedig ar empiriaeth, arbrofi, a methodolegol rheysmegol ac at y corff o wybodaeth mae pobl wedi'u ca...
https://da.wikipedia.org/wiki/Videnskab	Videnskab - Wikipedia, den frie encyklopædi	Videnskab dækker over den systematiske metode, der bruges i fremskaffelsen, systematiseringen og udbredelse af viden, samt den viden, som er fremskaffet ved hjælp af en videnskabelig metode.[1] Der er ikke konsensus blandt videnskabsfolk om én klar definition på hvordan den sy...
https://dag.wikipedia.org/wiki/Tabibi	Tabibi - Dagbani Wikipedia	E-Class
https://de.wikipedia.org/wiki/Wissenschaft	Wissenschaft – Wikipedia	Das Wort Wissenschaft (mittelhochdeutsch wizzen[t]schaft beinhaltet Wissen, Vorwissen, Genehmigung; lateinisch scientia)[1] bezeichnet die Gesamtheit des menschlichen Wissens, der Erkenntnisse und der Erfahrungen einer Zeitepoche, die systematisch erweitert, gesammelt, aufbewa...
https://diq.wikipedia.org/wiki/Zan%C4%B1%C5%9Fiye	Zanışiye - Wikipedia	Şınasiye (ya zi şınasi, zanışiye, sınasiye û Erebki ra ilım) vıraziyayış û şiyayışê fiziki û dormeyê be tayê rayan ra piya (testkerdış, delğenayış û çımkerdış) be raya sistematike ra cıgeyrayışo. Cıgeyrayışo sistematiko, entellektuelo û pratiko. Şınasiye heme inan gêno xo miyan.
https://dtp.wikipedia.org/wiki/Sains	Sains - Wikipedia	Sinin toi sains nopo nga kokomoi ponimungan om ponguludan do kotoilaan do nunu nopo id pomogunan. Pongundodoitan do sains nokorikot mantad boros Latin, scinetia, it kikomoyon do tongoilaan om karalano do maganu kopoilaan suai tumimpuun do kinawayaan, maganu do kointalangan om ...
https://el.wikipedia.org/wiki/%CE%95%CF%80%CE%B9%CF%83%CF%84%CE%AE%CE%BC%CE%B7	Επιστήμη - Βικιπαίδεια	Ο όρος επιστήμη με την ευρεία έννοια αρχικά δήλωνε το οργανωμένο σώμα της εξακριβωμένης και τεκμηριωμένης γνώσης. Ο πρώτος αυτός ορισμός διατυπώνεται στο έργο Θεαίτητος του Πλάτωνα όπου ένας από τους συνομιλητές αναφέρει ότι «έστιν ουν επιστήμη δόξα αληθής μετά λόγου», δηλαδή ...
https://en.wikipedia.org/wiki/Science	Science - Wikipedia	Science - Wikipedia
https://eo.wikipedia.org/wiki/Scienco	Scienco - Vikipedio	Scienco (el la latina vorto scientia, kun la signifo "sci-aro") estas agadosfero de la homo, kies funkcio estas ellaboro kaj sistemigo de objektiva scio pri la realo. Scienco estas unu el formoj de la socia konscio. Ĝi inkluzivas la agadon por akiro de novaj scioj, eltrovon de...
https://et.wikipedia.org/wiki/Teadus	Teadus – Vikipeedia	Teadus (inglise research, science) on süstemaatiline inimtegevus, mis on suunatud püsiväärtusega teadmiste saamisele, süstematiseerimisele ja rakendamisele, kasutades teaduslikku meetodit – reeglite süsteemi, mis tagab saadavate teadmiste võimalikult suure objektiivsuse ja kon...
https://eu.wikipedia.org/wiki/Zientzia	Zientzia - Wikipedia, entziklopedia askea.	Zientzia - Wikipedia, entziklopedia askea.
https://ext.wikipedia.org/wiki/C%C3%A9ncia	Céncia - Güiquipedia	Si t'apeta, pueis enlial-ti a trebajal en él, precurandu más información i amejorandu lo escrevíu.
https://fa.wikipedia.org/wiki/%D8%B9%D9%84%D9%85	علم - ویکی‌پدیا، دانشنامهٔ آزاد	اخترشناسی اخترفیزیک • کیهان‌شناسی اخترشناسی کهکشانی • زمین‌شناسی سیاره‌ای سیاره‌شناسی • اخترشناسی ستارگان
https://fi.wikipedia.org/wiki/Tiede	Tiede – Wikipedia	Tiede tarkoittaa todellisuuden ilmiöiden ja niiden välisten suhteiden järjestelmällistä ja arvostelevaa tutkimista sekä sen avulla saatua tietojen jäsentynyttä kokonaisuutta.[1][2] Tieteen tehtävänä on selittää ympäröivää maailmaa ja sen ilmiöitä. Tieteellinen tutkimus on järj...
https://fiu-vro.wikipedia.org/wiki/Tiid%C3%BCs	Tiidüs – Wikipedia	kotsilõ ka Wikimedia Commonsi kogost.
https://fj.wikipedia.org/wiki/Vakadidike	Vakadidike - Wikipedia	Na vakadidike se saenitisi e dua na vagoleya kabani e tara ka tauyavutaka na kila-ka ena loma ni nodra ivakamacala kei parofisai me baleta na vuravura.
https://fr.wikipedia.org/wiki/Science	Science — Wikipédia	Pour les articles homonymes, voir Science (homonymie).
https://frp.wikipedia.org/wiki/Science	Science — Vouiquipèdia	Los sciences sont activitâts intelectuâles de ètudiyér los fenomènos de la natura, de la cultura et los rapôrts sociâls.
https://frr.wikipedia.org/wiki/Wedenskap	Wedenskap – Wikipedia	Uun a wedenskap gongt det am't ütjfinjen faan nei weden, am onerracht an skriiwen faan wedenskapelk werken.
https://fur.wikipedia.org/wiki/Sience	Sience - Vichipedie	La sience (dal latin scientia) e je dal pont di viste etimologjic un insiemi di cognossincis. Purpûr, soredut daspò de rivoluzion copernicane, cun cheste peraule si riferìn a la ativitât di discuvierte di cognossincis. Dal XIX secul in ca, la sience e je simpri plui stade lead...
https://fy.wikipedia.org/wiki/Wittenskip	Wittenskip - Wikipedy	De Wittenskip (út it Latyn: scientia, kennis) hâldt sawol yn de sammele kennis as de aktiviteit fan it sammeljen fan de kennis. De wize dêr't kennis sammele wurdt, falt útien yn suver wittenskiplik ûndersiik, dat stribbet nei ferdjipping en útwreiding fan kennis en tapaste wit...
https://ga.wikipedia.org/wiki/Eola%C3%ADocht	Eolaíocht - Vicipéid	Is éard atá in eolaíocht ná cuardach nó staidéar i gcóir eolais infhíoraithe trí bhreathnadóireacht agus turgnamhacht. Ar dhóigh caol tagraíonn eolaíocht do chóras bailithe eolais a bhuntar ar eimpíreachas, tástáil agus nádúrachas rianúil, modhúil agus chomh maith le sin don c...
https://gan.wikipedia.org/wiki/%E7%A7%91%E5%AD%B8	科學 - 維基百科	科學係指對自然領域嗰知識，再拓展、引用到社會、思維等領域，比如社會科學。根據《現代漢語詞典》 (中國社會科學院語言研究所詞典編輯室，1978年)，佢拕解釋成：
https://gcr.wikipedia.org/wiki/Syans	Syans — Wikipédja	Syans-a sa ansanm dé konésans ké étid di roun valò inivèrsèl, ki karaktérizé pa roun lòbjè é roun métòd fondé asou dé òbsèrvasyon òbjèktiv vérifyab é dé rézonnman rigouré.
https://gd.wikipedia.org/wiki/Saidheans	Saidheans - Uicipeid	Chan ann an saidheans (sòisealta, nàdurra neo diadhachd) ach cruinneachadh fiosrachaidh air a chuir an eagar.
https://gl.wikipedia.org/wiki/Ciencia	Ciencia - Wikipedia, a enciclopedia libre	Ciencia - Wikipedia, a enciclopedia libre
https://gn.wikipedia.org/wiki/Tembikuaaty	Tembikuaaty - Vikipetã	Tembikuaaty niko pe jajapóva jaikuaa hag̃ua ñande rekoha ha ñañemoaranduve hag̃ua, upe niko ojejapo va'erã ñehesa'ỹijo ha ñeporandu rupive. Umi tembikuaaty jaipurúva jaikuaa hag̃ua ñande rekoha ojehero tembikuaaty tekohaguigua, umíva apytépe oĩ kímika, tekovekuaaty, mbyjakuaa,...
https://gom.wikipedia.org/wiki/%E0%A4%B5%E0%A4%BF%E0%A4%9C%E0%A5%8D%E0%A4%9E%E0%A4%BE%E0%A4%A8	विज्ञान - विकिपीडिया	विज्ञान म्हणजे विशेश ज्ञान.खंयच्याय विशयाच्या तत्वासंबंदीं,सिध्दांतांसंबंदीं आनी गुणधर्मासंबंदीं खाशेलें गिन्यान प्राप्त करून घेवप जाता त्या गिन्यानाक विज्ञान ही संज्ञा लायतात.विज्ञानाक Science हें पर्यायी इंग्लीश उतर. Science हेंउतर मूळ लेटीन Scio ह्या उतरावयल्यान आयलां.Scio ...
https://gu.wikipedia.org/wiki/%E0%AA%B5%E0%AA%BF%E0%AA%9C%E0%AB%8D%E0%AA%9E%E0%AA%BE%E0%AA%A8	વિજ્ઞાન - વિકિપીડિયા	વિજ્ઞાન એટલે એક એવી પદ્ધતિ કે જેમાં ભૌતિક વિશ્વ અંગે અનુભવજન્ય જ્ઞાન મેળવી, તેનું વ્યવસ્થિત વર્ગીકરણ અને પરીક્ષણ કરી, કાર્ય-કારણની સમજૂતી આપતાં સ્પષ્ટીકરણો, સિદ્ધાંતો તથા આગાહીઓ વિકસાવવાનો પ્રયત્ન થાય છે. આધુનિક વિજ્ઞાન એ ચકાસી શકાય તેવી ધારણાઓ (testable hypotheses) અને આગાહીઓ...
https://guc.wikipedia.org/wiki/Siensiiaka	Siensiiaka - Wikipeetia	Tü siensiiaka (del latín scientĭa, "conocimiento") es el conjunto de conocimientos sistemáticamente estructurados, y susceptibles de ser articulados unos con otros. La ciencia surge de la obtención del conocimiento mediante la observación de patrones regulares, de razonamiento...
https://gv.wikipedia.org/wiki/Oaylleeaght	Oaylleeaght - Wikipedia	Ta bun oaylleeaght jannoo eabyn dy 'eddyn magh cre’n aght ta’n teihll gobbraghey, as bishaghey fys deiney er. Liorish saaseyn oardreilagh, ta oaylleeaght jannoo ymmyd jeh feanish loaghtagh ry-akin mychione phenomena dooghyssagh dys çhaglym fysseree, as t'ee goltscarrey y fysse...
https://hak.wikipedia.org/wiki/Kh%C3%B4-ho%CC%8Dk	Khô-ho̍k - 自由編輯个維基百科	Khô-ho̍k he chṳ́-chit tui-yî chhṳ-yèn liâng-su ke chṳ-sṳt, kîn-ko khóng-chán、yín-yung chṳ sa-fi、kí pâu-hàm lióng fông-mien ke yi-ngi: ①Tui chhṳ-yèn chok lî-yù chhûng-fun ke kôn-chhat fe̍t-chá ngiên-kiu. Liá-chúng kôn-chhat thûng-sòng chṳ́ khó thûng-ko pit-yeu ke fông-fap chin-...
https://haw.wikipedia.org/wiki/Akeakamai	Akeakamai - Wikipedia	He huaʻōlelo ʻo Akeakamai (heīnān uataūa: ʻepekema, ʻŌlelo Pelekania: Science) he pūnaehana ʻōnaehana ʻōnaehana e kūkulu ai a hoʻonohonoho i ka ʻike ma ke ʻano o ka hoʻokolokolo wehewehe a me wānana e pili ana i wahi honua.[1]
https://he.wikipedia.org/wiki/%D7%9E%D7%93%D7%A2	מדע – ויקיפדיה	מדע הוא תחום ידע המתאפיין בחקירה שיטתית, לוגית ומבוססת ראיות של תופעות או מבנים מופשטים.[1] האקדמיה הלאומית למדעים של ארצות הברית מבחינה בין המדע לבין הסברים אחרים של העולם כך - ”במדע, הסברים מוגבלים לאלה המבוססים על תצפיות וניסויים שמדענים אחרים יכולים לאשש. הסברים שאינם יכול...
https://hi.wikipedia.org/wiki/%E0%A4%B5%E0%A4%BF%E0%A4%9C%E0%A5%8D%E0%A4%9E%E0%A4%BE%E0%A4%A8	विज्ञान - विकिपीडिया	विज्ञान अथवा साइंस (science) सृष्टि के बारे में परीक्षण योग्य परिकल्पनाओं और पूर्वानुमानों को उत्पादित करने वाले ज्ञान को क्रमबद्ध रखने वाला विषय है।[1][2] आधुनिक विज्ञान को सामान्यतः २ या ३ बड़ी शाखाओं में विभाजित किया जाता हैः भौतिक जगत् का अध्ययन करने वाला प्राकृतिक विज्ञान...
https://hif.wikipedia.org/wiki/Vigyan	Vigyan - Wikipedia	Vigyan (Science) uu chij hae jon hamlog kartaa hae prakritik (natural) dunia ke baare me jaane ke khaatir.[1][2] Dher rakam ke vigyan hae. Prakritik vigyan (Natural sciences) prakriti aur bhautik (physical) dunia ke adhyan kare hae. Isme hae rasayan vigyan (chemistry), jiu vig...
https://hr.wikipedia.org/wiki/Znanost	Znanost – Wikipedija	Znanost (grč. episteme: razumijevanje, spoznanje, studija; lat. scientia, eng. i fr. science, njem. Wissenschaft) organiziran je sustav sveukupnog ljudskog znanja stečenog opažanjem procesa i pojava u prirodi i društvu, a obrađenog racionalnim, znanstveno prihvatljivim metodama.
https://ht.wikipedia.org/wiki/Syans	Syans — Wikipedya	Syans se etid ki chèche apran bagay nan ap fè èksperyans syantifik, sa vle di èksperyans ki toujou bay menm repons lè ou fè menm jan, e ki bay de grenn repons lè ou chanje yon sèl ti bagay nan jan ou fe li a. Syans se yon pwosesis pou gade ak etidye kreyati ki nan monn lan pou...
https://hu.wikipedia.org/wiki/Tudom%C3%A1ny	Tudomány – Wikipédia	Ez a lap egy ellenőrzött változata
https://hy.wikipedia.org/wiki/%D4%B3%D5%AB%D5%BF%D5%B8%D6%82%D5%A9%D5%B5%D5%B8%D6%82%D5%B6	Գիտություն - Վիքիպեդիա	Գիտություն, ճանաչողական գործունեության հատուկ տեսակ՝ ուղղված բնության, հասարակության և մտածելակերպի վերաբերյալ օբյեկտիվ, համակարգված և հիմնավորված գիտելիքների ստացմանը, ճշտմանը և ստեղծմանը։ Այս գործունեության հիմքը գիտական փաստերի հավաքածուն է, նրանց պարբերաբար թարմացումը և հա...
https://hyw.wikipedia.org/wiki/%D4%B3%D5%AB%D5%BF%D5%B8%D6%82%D5%A9%D5%AB%D6%82%D5%B6	Գիտութիւն — Ուիքիփետիա	Գիտութիւնը ճանաչողական գործունէութեան յատուկ տեսակ է, ուղղուած՝ բնութեան, հասարակութեան եւ մտածելակերպի վերաբերեալ նպատակային համակարգուած գիտելիքներու ստացման, ճշդման եւ ստեղծման։
https://ia.wikipedia.org/wiki/Scientia	Scientia - Wikipedia, le encyclopedia libere	Le modificationes pendente es presentate in iste pagina
https://iba.wikipedia.org/wiki/Sains	Sains - Wikipedia	Sains (diambi ari jaku Latin: scientia "penemu") siti proses ngapung penemu enggau tusun iya kena nerangka sereta nyangka utai ba dunya tu. Sains berengkah ari pengalaman, lalu mulih fakta enggau atur iya. Sains moden ulih dibagi ngagai tiga dan besai: sains perua (baka, fizik...
https://id.wikipedia.org/wiki/Ilmu	Ilmu - Wikipedia bahasa Indonesia, ensiklopedia bebas	Ilmu atau sains adalah suatu disiplin sistematis yang membangun dan menata pengetahuan dalam bentuk hipotesis dan prediksi yang dapat diuji mengenai alam semesta.[1][2] Ilmu pengetahuan modern umumnya terbagi menjadi dua atau tiga cabang utama:[3] yakni ilmu-ilmu alam, yang me...
https://ie.wikipedia.org/wiki/Scientie	Scientie - Wikipedia	Scientie (del latin scientia «conossentie») es un sistematic interpretation, quel constructe e organisa conossenties in li form de atestabil explicationes e preditiones pri li universe. In un plu strett relatet signification, «scientie» refere anc a un córpor de conossenties s...
https://ig.wikipedia.org/wiki/Amamihe	Amamihe - Wikipedia, Njikotá édémédé nke onyobulạ	Amamihe, utu aha Sayensị (búrú Science na asụsụ bekee) bu ihe éjị ẹ tu ihe ómárí màkà ihe nor nà àlà há gí jí ẹ ké íwú na ihe kààkà maka uwa nke há mùrù. Mgbe ómárí kárùrù, ọ dị ọtu hé shị né mé ihe gi gbanwe kà nke ọtu ė shì nẹ mẹ ihe nke bu nke di nma gị bu nke ndi amamihe g...
https://ilo.wikipedia.org/wiki/Siensia	Siensia - Wikipedia, ti nawaya nga ensiklopedia	Matematika Matematiko a lohika Matematiko nga estadistika Kompiuter a siensia
https://inh.wikipedia.org/wiki/%D3%80%D0%B8%D0%BB%D0%BC%D0%B0	Ӏилма — Википеди	Ӏилма (эрс: Наука, ингал: Science, лат: Scientia) — долаш долчох ховраш хьаӀоадарáи уж ражах дӀанийсдарáи тӀайирза адамий дера (деятельность) область.
https://io.wikipedia.org/wiki/Cienco	Cienco - Wikipedio	Cienco (de la Latina scientia, "konoco") esas, en sua primara senco, "la sumo di konoci". Plu precize, ol esas la sistematal esforco por konstruktar ed organizar savo pri l'universo en expliki e previdadi probebla.[1]
https://is.wikipedia.org/wiki/V%C3%ADsindi	Vísindi - Wikipedia, frjálsa alfræðiritið	Vísindi eru kerfisbundin leit að þekkingu með rannsóknum sem byggjast á vísindalegum aðferðum. Meðal þess sem einkennir vísindalegar aðferðir er rökhugsun, nákvæmni, hlutlægni[1] og sannreynanleiki. Aðferðirnar eiga þannig að tryggja að vísindaleg þekking sé örugg þekking um v...
https://isv.wikipedia.org/wiki/Nauka	Nauka - Vikipedija	Nauka (ang.: .mw-parser-output .lang{font-style:italic}.mw-parser-output .lang.lang-normal{font-style:normal}science) je nazva objasnjajuča vsake usilovanja ljudij k poznanju kako svět vokrug nas rabotaje i čemu. Jej cěljom je najdti obyčne pravdy i vse pravila vladajuče kosmo...
https://it.wikipedia.org/wiki/Scienza	Scienza - Wikipedia	La scienza è un sistema di conoscenze ottenute attraverso un'attività di ricerca, prevalentemente organizzata con procedimenti metodici e rigorosi, coniugando la sperimentazione con ragionamenti e esperimenti logici condotti a partire da un insieme di assiomi,[1][2] tipici del...
https://ja.wikipedia.org/wiki/%E7%A7%91%E5%AD%A6	科学 - Wikipedia	科学（かがく、英: science）とは、世界に関する知識を検証可能な仮説と予測の形で構築する体系的な取り組みである[1][2]。
https://jam.wikipedia.org/wiki/Sayans	Sayans - Wikipidia	Sayans - Wikipidia
https://jbo.wikipedia.org/wiki/saske	saske - Wikipedia	ni'o le saske cu ciste le nu le cpacu djuno cu jicmu le troci je zgana .e le cipra .u le nalrarna zasti mu'i le jetnu facki .i le rarna velciksi noi le smadi cu balvi xusra cu sampu gradu .i le saske cu ganzu djuno fi'o lebna le nalsnuti facki .i
https://jv.wikipedia.org/wiki/%C3%88lmu	Èlmu - Wikipédia	Èlmu saged ateges prosès ngangsalaken pengetauan, utawi pengetauan kaorganisasi ingkang dipunupados mawi prosès wau. Prosès kaèlmuan inggih punika cara ngangsalaken pengetauan kanthi sistematis prakawis satunggaling sistem. Asil sistematis punika limrahipun wujud metode ilmiah...
https://ka.wikipedia.org/wiki/%E1%83%9B%E1%83%94%E1%83%AA%E1%83%9C%E1%83%98%E1%83%94%E1%83%A0%E1%83%94%E1%83%91%E1%83%90	მეცნიერება - ვიკიპედია	მეცნიერება — ადამიანის მოღვაწეობის სფერო, რომლის ფუნქციაა სინამდვილის მოვლენების, პროცესების, არსებისა და კანონების შესახებ ობიექტური, ჭეშმარიტი ცოდნის სისტემატიზაცია აბსტრაქტულ-ლოგიკური ფორმით; საზოგადების ცნობიერების ერთ-ერთი ფორმა, რომელიც ისტორიული განვითარების მსვლელობაში...
https://kaa.wikipedia.org/wiki/Ilim	Ilim — Qaraqalpaqsha Wikipedia	Ilim — obyektiv Bilimler islenilip dúzúliwshi hám teoretik jaqtan qollanılǵan adamzat jaratqan bilim. Oniń tiykarǵi faktlerdi jıynaw, olardı hámiyshe tazalaw hám úyrenip turiw, basqa tárepten analiz etiw hám sol esapda, tábiyat yaki jámiyetshilik waqıyaların bayan etiw, Faktla...
https://kab.wikipedia.org/wiki/Tussna	Tussna - Wikipedia, tasanayt tilellit	Tussna d ujemmal n timussniwin yerzan ɣef taggayin n ayen yellan, n tɣawsiwin neɣ n tumanin i yettswasumeren ɣur isuḍaf, ed/neɣ i yettḥeqqeqen s tarrayin[1] tinermiyin[2].
https://kbp.wikipedia.org/wiki/L%C9%9B%C9%A3t%CA%8B	Lɛɣtʋ — Wikipediya	Lɛɣtʋ (Fransɩɩ taa payaɣ se science, Latɛɛ taa ’lɛ scientia, pʋ-tɔbʋʋ se sɩmtʋ) kɛna wembu ɛyʋ kpɛlɛkaa nɛ ɛsɩm-pʋ yɔ, wembu ɛyʋ sɩma se pɩkɛ toovenim, ndɛŋgbɛzaɣ fɛyɩ yɔ. Pɩkpɛndaa pɩkɛna sɩmtʋ, kedeŋga kpeekpe yɔɔ wɛtʋ natʋyʋ taa tazʋʋ. Patazɩɣ se pañɩnɩ nabʋyʋ, tazʋʋ pʋmbʋ,...
https://kcg.wikipedia.org/wiki/Sayen	Sayen - Wikipedia	Á̱ lyuut ati̱kut wuni di̱n Tyap Maba̱ta̱do ja (Maba̱ta̱do)
https://kg.wikipedia.org/wiki/Kizabu	Kizabu - Wikipedia	Kizabu (mpe kizayu to mazayu) kele kisadilu ya luzabisu.
https://ki.wikipedia.org/wiki/Ngoing%C5%A9a_(Thayathi)	Ngoingũa (Thayathi) - Wikipedia	Ngoingũa(ĩrĩa ĩtagwo 'Thayathi' kuuma Kĩngeretha 'science') nĩ mũtaratara wa gĩthomo ũrĩa ũrũmbũiyaga ũmenyo na kĩharĩro kĩngĩthurimwo kĩa ngũĩro na ũrathi wĩgiĩ ũratĩna. Ngoingũa ya kĩrĩu kaingĩ ĩgayanĩtio maita meerĩ: Ngoingũa ya ndũire, iria irutaga ũhoro wa thĩ na nditimũr...
https://kk.wikipedia.org/wiki/%D2%92%D1%8B%D0%BB%D1%8B%D0%BC	Ғылым — Уикипедия	Ғылым (лат. scientia — білім) — уақыт пен кеңістікте бар, зерттеуге болатын шынайы нақты нәрселердің заңдары мен қағидаларын, тәртібі мен құрылымын объективті түсіндіретін, эксперимент пен бақылауға негізделіп, математикалық есептеуді қолданып, жүйелі түсінік қалыптастыратын т...
https://km.wikipedia.org/wiki/%E1%9E%9C%E1%9E%B7%E1%9E%91%E1%9F%92%E1%9E%99%E1%9E%B6%E1%9E%9F%E1%9E%B6%E1%9E%9F%E1%9F%92%E1%9E%8F%E1%9F%92%E1%9E%9A	វិទ្យាសាស្ត្រ - វិគីភីឌា	វិទ្យាសាស្ត្រ ({{cite web|title=science|url=http://www.etymonline.com/index.php?term=science&amp;allowed_in_frame=0|publisher=[[Online Etymology Dictionary]]|accessdate=2014-09-20}}&lt;/ref>"}},"i":0}}]}'>អង់គ្លេស: មកពីភាសាឡាតាំងថា scientia មានន័យថា "ចំនេះដឹង"[១]) គឺជាបណ្ដុំនៃ...
https://kn.wikipedia.org/wiki/%E0%B2%B5%E0%B2%BF%E0%B2%9C%E0%B3%8D%E0%B2%9E%E0%B2%BE%E0%B2%A8	ವಿಜ್ಞಾನ - ವಿಕಿಪೀಡಿಯ	ವಿಜ್ಞಾನವು ಬ್ರಹ್ಮಾಂಡದ ಬಗ್ಗೆ ಪರೀಕ್ಷಣೀಯ ವಿವರಣೆಗಳು ಮತ್ತು ಭವಿಷ್ಯವಾಣಿಗಳ ರೂಪದಲ್ಲಿ ಜ್ಞಾನವನ್ನು ನಿರ್ಮಿಸುವ ಮತ್ತು ಸಂಘಟಿಸುವ ಒಂದು ವ್ಯವಸ್ಥಿತ ಯೋಜನೆ.[೧][೨] ಮಾನವನಿಂದ ತಿಳಿಯಬಲ್ಲ ವಿಶ್ವದ ಬಗೆಗಿನ ಜ್ಞಾನದ ಸಮೂಹವೆ ವಿಜ್ಞಾನ. ಒಂದು ಹಳೆಯ ಮತ್ತು ನಿಕಟವಾಗಿ ಸಂಬಂಧಿತ ಅರ್ಥದಲ್ಲಿ, "ವಿಜ್ಞಾನ"ವು, ತಾರ್ಕಿಕವಾಗಿ ವಿವರಿಸಬಲ್ಲ ಮತ...
https://knc.wikipedia.org/wiki/Science	Science - Wikipedia	Ilmu kimiyabedə shima awoa zaumaro hangal gənatəgəbewo, shidoni ilmuwa garjin kuru kalkalzayin suro bayanna kuru son kəla dinaben tədinma. Ilmu kimiyabe zamanbedə dalami yakkəro yakkata: kimiya alagǝbe (misallo, physics, chemistry, a kuru biology), sandidoni dunya zahirre kəra...
https://ko.wikipedia.org/wiki/%EA%B3%BC%ED%95%99	과학 - 위키백과, 우리 모두의 백과사전	과학(科學, 영어: science)은 과학은 세계에 대해 검증 가능한 가설과 예측의 형태로 지식을 구축하고 조직하는 체계적인 학문이다. 현대 과학은 일반적으로 두 가지 또는 세 가지 주요 분야로 나뉜다. 자연과학(예: 물리학, 화학, 생물학)은 자연계를 연구하며, 사회과학(예: 심리학, 사회학, 지리학)은 개인과 사회를 연구한다. 그 외에 응용과학은 공학이나 의학처럼 실용적인 목적을 위해 과학적 지식을 사용하는 학문 분야이다. 철학, 수학 등은 과학적 방법이나 경험적 증거 대신 사변적, 연역...
https://krc.wikipedia.org/wiki/%D0%98%D0%BB%D0%BC%D1%83	Илму — Википедия	Илму — объектив, системалыкъ къуралгъан эмда табигъатны, джамагъатны эм ангыны юсюнден билимлеге таяннган адам таныу ишлемни энчи тюрлюсюдю. Бу ишлемни тамалында илму фактланы джыйыу, таймаздан джангыртыу эмда системалашдырыу, критикалыкъ анализ эмда аннга таяннган, синтез бар...
https://ks.wikipedia.org/wiki/%D8%B3%D8%A7%DB%8C%D9%86%D9%8E%D8%B3	ساینَس - وِکیٖپیٖڈیا	ساینَس - وِکیٖپیٖڈیا
https://ku.wikipedia.org/wiki/Zanist	Zanist - Wîkîpediya	Zanist an jî zanyarî bi awayekî giştgir tevahiya wê zanîna îroyî yan ya demekê dî yê mirovî vedigire ko bi şêwazên weha bidest hatiye ko dikarin bihên selmandin û îspatkirin.
https://kw.wikipedia.org/wiki/Godhonieth	Godhonieth - Wikipedia	Godhonieth yw an maner hwithrans godhoniethek, po an korf ordenys a skians gwaynys der an maner hwithrans ma.
https://ky.wikipedia.org/wiki/%D0%98%D0%BB%D0%B8%D0%BC	Илим - Википедия	Илим – деген тема болуп саналат табигый дүйнө жөнүндө билүү үчүн эмне кылат. Табигый илимдерге физика, химия, геометрия, биология, геология жана астрономия кирет. Илим математика менен логиканы колдонот, аларды кээде "расмий илим" деп да коюшат. курчап турган дүйнөдөгү мыйзамч...
https://la.wikipedia.org/wiki/Scientia_(ratio)	Scientia (ratio) - Vicipaedia	Scientia (-ae, f.), sive plenius scientia rationalis, est inceptum systematicum, quod cognitionem aedificat et ordinat, explanationes quae temptari possunt et praedictiones de universo offerens.[1][2]
https://lad.wikipedia.org/wiki/Sensia	Sensia - Vikipedya	Las sensias es lo ke azemos para deskubrir sobre el mundo natural. Es el total de la fisika, la kemika, la biolojiya, la jeolojiya i la astronomiya. Las sensias azen uzo de las matemátikas, i azen observasiones i eksperimentos. La sensias produzen faktos prechizos, leyes senti...
https://lb.wikipedia.org/wiki/W%C3%ABssenschaft	Wëssenschaft – Wikipedia	D'Wëssenschaft besteet aus Fuerschung a Léier. Wëssenschaftlech Fuerschung ass d'methodesch Sich no neien Erkenntnesser. D'Resultater ginn a wëssenschaftlechen Aarbechte systematesch duergestallt a verëffentlecht, soudatt se prinzipiell vu jiddwerengem novollzunn an iwwerpréif...
https://lez.wikipedia.org/wiki/%D0%98%D0%BB%D0%B8%D0%BC	Илим — Википедия	Илим — гьакъикъатдикай объектив тир чирвилерин гьасил авунин ва теориядин систематизация кьиле тухузвай инсандин крарин сфера я[1].
https://lfn.wikipedia.org/wiki/Siensa	Siensa - Vicipedia	Siensa (de la parola latina scientia, "sabe") es un emprende sistemosa cual construi e organiza sabes en la forma de esplicas esaminable e predises sur la universa.
https://li.wikipedia.org/wiki/Weitesjap	Weitesjap - Wikipedia	Dit artikel is gesjreve (of begós) in 't Nuts. Laes hie wie v'r mit de versjillende saorte Limburgs ómgaon.
https://lij.wikipedia.org/wiki/Sciensa	Sciensa - Wikipedia	A sciénsa[1] ò scénsa[2] a l'é o sfòrso scistemàtico ch'o costruìsce e ch'o l'inàndia a conoscénsa inta fórma de spiegaçioìn e prediçioìn in sce l'Univèrso chi se pòssen verificâ[3][4]. A sciénsa modèrna a vêgne de sòlito spartîa inte tréi ràmmi prinçipæ[5]: e sciénse naturâli...
https://lld.wikipedia.org/wiki/Sci%C3%ABnza	Sciënza - Wikipedia	La sciënza é n sistem de conescënzes tres na ativité de inrescida cun prozedimënc metodics -la metoda scientifica- cun l’obietif da fá na descriziun dla realté y dles leges che regolëia sü fenomens. La sciënza moderna nasc cun la Revoluziun scientifica dl XVI. seco.
https://lmo.wikipedia.org/wiki/Sienza	Sienza - Wikipedia	Sienza - Wikipedia
https://lo.wikipedia.org/wiki/%E0%BA%A7%E0%BA%B4%E0%BA%97%E0%BA%B0%E0%BA%8D%E0%BA%B2%E0%BA%AA%E0%BA%B2%E0%BA%94	ວິທະຍາສາດ - ວິກິພີເດຍ	ວິທະຍາສາດ (ຄຳເຄົ້າ: ວິທຍາສາສຕຣ໌[1]) ໝາຍເຖິງ ຄວາມຮູ້ກ່ຽວກັບສິ່ງຕ່າງ ໆ ໃນທຳມະຊາດທັງທີ່ມີຊີວິດແລະບໍ່ມີຊີວິດ ລວມທັງກະບວນການປະມວນຄວາມຮູ້ຢ່າງປະຈັກ ທີ່ເອີ້ນວ່າກະບວນການທາງວິທະຍາສາດ ແລະກຸ່ມຂອງອົງຄວາມຮູ້ທີ່ໄດ້ຈາກກະບວນການດັ່ງກ່າວ).
https://lt.wikipedia.org/wiki/Mokslas	Mokslas – Vikipedija	Mokslas – objektyvių žinių apie gamtą ir visuomenę gavimas (objektyvaus žinojimo plėtimas, paneiginėjant ankstesnius nepakankamai objektyvius gamtos ir visuomenės modelius arba plečiant, papildant turimas objektyvias, t. y. teoriškai ir empiriškai įrodytas žinias), tiriant tik...
https://lv.wikipedia.org/wiki/Zin%C4%81tne	Zinātne — Vikipēdija	Zinātne ir cilvēka darbības nozare, kuras mērķis ir iegūt zināšanas. Savukārt šīs zināšanas tiek iegūtas mērķtiecīgi, zinātniekiem apkopojot un analizējot datus, ko tie iegūst, veicot novērojumus, pētījumus un eksperimentus. Pēc tam iegūtās zināšanas ļauj teorētiski izskaidrot...
https://mad.wikipedia.org/wiki/%C3%88lmo	Èlmo - Wikipèḍia bhâsa Madhurâ	Èlmo otabâ èlmo pangataowan panèka sajjhâân sè sistematis sè aghunaaghi metode ilmiah kaangghuy ngèmbangaghi bân ngator pangataowan adhâsar dâri penjelasan bân prediksi sè ampon èbuktèaghi. Èlmo èbâtessèh lingkuppah kaangghuy ngaollè kapastian bân sistematis, objektif, metodis...
https://mai.wikipedia.org/wiki/%E0%A4%B5%E0%A4%BF%E0%A4%9C%E0%A5%8D%E0%A4%9E%E0%A4%BE%E0%A4%A8	विज्ञान - विकिपिडिया	चिरसम्मत भौतिकी • आधुनिक भौतिकी व्यावहारिक भौतिकी • कम्प्यूटेशनल भौतिकी परमाणविय भौतिकी • नाभिकीय भौतिकी कण भौतिकी • प्रायोगिक भौतिकी सैद्धांतिक भौतिकी सघन पदार्थ भौतिकी यांत्रिकी • चिरसम्मत यांत्रिकी प्रमात्रा यान्त्रिकी (परिचय) सातत्य यांत्रिकी • विरूपण आर प्रवाह ठोस अवस्था ...
https://map-bms.wikipedia.org/wiki/Ilmu	Ilmu - Wikipedia	Ilmu (atawa ilmu pengetahuan) kuwe kabeh usaha sadar kanggo nyelidiki, nemukna lan ningkatna pemahaman menungsa sekang werna-werna segi kenyataan nang alam menungsa [1]. Segi-segi kiye dibatesi ben dihasilna rumusan-rumusan sing pasti. Ilmu ngaweh kepastian dengan membatasi li...
https://mdf.wikipedia.org/wiki/%D0%A2%D0%BE%D0%BD%D0%B0%D0%B4%D0%BE%D0%BC%D0%B0	Тонадома — Википедиесь	Тонадома илякс наукась (лат.: scientia) — теориянь ширде системас кочкаф ванфкст перьфпяльть лангс, тиевихть сонь эрявикс ширенза абстрактонь-логиконь формаса (понятияса, теорияса, законца) ди нежетькшнихть тонадомань исследованиятнень результатонь лангс[1][2][3][4][5][6][7].
https://mg.wikipedia.org/wiki/Siansa	Siansa — Wikipedia	Ny siansa dia taranjam-pahalalana hentitra izay manangana sy mandamina fahalalana amin'ny endrika petra-kevitra sy faminaniana azo sedraina momba an'izao tontolo izao.
https://mhr.wikipedia.org/wiki/%D0%A8%D0%B0%D0%BD%D1%87%D0%B5	Шанче — Википедий	Шанче (лат. scientia - палымаш) — айдемын ойыртемалтше пашаже, пӱртӱс тӱняж дене тӧртыкшӧ дене палдарымаш да радамлен иктешлен чумырымаш. Кажне 15-20 ий тӱняште-айдемын илышын турло ужашыж дене палымаш 2 пачаш шукем толеш. Кажне у айдеме тукым тыняр у шинчымашым пога, мыняр ту...
https://mi.wikipedia.org/wiki/P%C5%ABtaiao	Pūtaiao - Wikipedia	Ko te matauranga Pūtaiao te putiki mātauranga o nga mahuatanga katoa o te taiao mai te rangi ki te whenua huri noa.
https://min.wikipedia.org/wiki/Ilimu	Ilimu - Wikipedia baso Minang	Ilmu pangatahuan (kerap dipapendek manjadi ilmu, serapan dari bahaso Arab: علم‎) atau sains (serapan dari bahaso Latin: scientia) adolah suatu usaho sistematis jo metode ilmiah dalam pangambangan dan panataan pangatahuan nan dibuktikan jo panjelasan dan prediksi nan taruji sab...
https://mk.wikipedia.org/wiki/%D0%9D%D0%B0%D1%83%D0%BA%D0%B0	Наука — Википедија	Генетика]] (introduction)
https://ml.wikipedia.org/wiki/%E0%B4%B6%E0%B4%BE%E0%B4%B8%E0%B5%8D%E0%B4%A4%E0%B5%8D%E0%B4%B0%E0%B4%82	ശാസ്ത്രം - വിക്കിപീഡിയ	{Science}പ്രപഞ്ചത്തിലുള്ള മുഴുവൻ വസ്തുക്കളുടേയും പിന്നിലുള്ള രഹസ്യമാണ് "സയൻസ്"
https://mn.wikipedia.org/wiki/%D0%A8%D0%B8%D0%BD%D0%B6%D0%BB%D1%8D%D1%85_%D1%83%D1%85%D0%B0%D0%B0%D0%BD	Шинжлэх ухаан — Википедиа нэвтэрхий толь	Шинжлэх ухаан ("мэдлэг" гэсэн утгатай, scientia гэсэн латин үгнээс үүсэлтэй) гэдэг нь шинжлэх ухааны судалгааны арга дээр тулгуурласан мэдлэгийн цогц, өөрөөр хэлбэл судалгааны үр дүнгээр гарган авсан, зохион байгуулалтанд оруулсан цогц мэдлэг юм. [1][2] Шинжлэх ухаан гэдэгт, з...
https://mni.wikipedia.org/wiki/%EA%AF%82%EA%AF%A7%EA%AF%81%EA%AF%A4%EA%AF%A1-%EA%AF%80%EA%AF%A5%EA%AF%A1%EA%AF%82%EA%AF%A3%EA%AF%9F	ꯂꯧꯁꯤꯡ-ꯀꯥꯡꯂꯣꯟ - ꯋꯤꯀꯤꯄꯦꯗꯤꯌꯥ	ꯂꯧꯁꯤꯡ-ꯀꯥꯡꯂꯣꯟ (SCIENCE in English) ꯁꯤ ꯊꯧꯁꯤꯜ ꯅꯥꯏꯅ ꯁꯦꯝꯒꯠ ꯁꯥꯒꯠꯂꯛꯄ ꯑꯃꯁꯨꯡ ꯌꯥꯝꯅ ꯅꯤꯡꯊꯤꯖꯅꯥ ꯆꯠꯊꯕ ꯂꯧꯁꯤꯡꯒꯤ ꯄꯨꯀꯩ ꯆꯥꯡꯌꯦꯡ ꯇꯧꯕ ꯌꯥꯕ ꯃꯑꯣꯡꯗ ꯁꯟꯇꯣꯛꯅ ꯇꯥꯛꯄ. ꯱ꯁꯨꯡ ꯇꯥꯏꯕꯪꯄꯥꯜꯕꯒꯤ ꯃꯔꯝꯗ ꯀꯔꯤ ꯑꯣꯏꯔꯛꯀꯗꯒꯦ ꯍꯥꯏꯕ ꯉꯝꯃꯤ ꯫
https://mnw.wikipedia.org/wiki/%E1%80%9E%E1%80%AD%E1%80%95%E1%80%B9%E1%80%95%E1%80%B6	သိပ္ပံ - ဝဳကဳပဳဒဳယာ	သိပ္ပံ (အၚ်္ဂလိက်: Science) မကၠုင်နူ အရေဝ်ပါဠိ (သိပ္ပ)၊ သံသကြိုတ် (ၐိလ်ပ शिल्प) မဂွံအဓိပ္ပါယ ကွတ် (art)၊ ကွတ်တဲ (craft)၊ ပညာ (skill)၊[၁] အရေဝ်အင်္ဂလိက် Science ဂှ် ကၠုင်နူ လေတ်တေန် scientia မဂွံအဓိပ္ပါယ် ပညာ/ကွတ်မတီ [၂]ဟီုမ္ဂးဂှ် ဒှ်အရာ မကၠောန်ဗဒှ်၊ မလ္ၚတ်ကတ်ကေတ် ကွတ်ပညာ ပရူနာ...
https://mr.wikipedia.org/wiki/%E0%A4%B5%E0%A4%BF%E0%A4%9C%E0%A5%8D%E0%A4%9E%E0%A4%BE%E0%A4%A8	विज्ञान - विकिपीडिया	विश्वातील घटना व घडामोडी यांचे बुद्धिनिष्ठ, कार्यकारणाधिष्ठित असे आकलन होण्यासाठी मानवाने केलेल्या क्रिया व त्यांचे फलित म्हणजे विज्ञान (Science) होय. विज्ञान ही एक पद्धतशीर व कठोर शिस्त असलेली ज्ञानशाखा आहे. विज्ञानात चाचणी करण्यायोग्य गृहितके तपासून ती स्वीकारण्या योग्य वाटल...
https://ms.wikipedia.org/wiki/Sains	Sains - Wikipedia Bahasa Melayu, ensiklopedia bebas	Sains atau widya ialah ajaran sistematik mendapatkan, mengumpul dan menyusun maklumat daripada menguji hipotesis dan ramalan tentang alam semesta.[1][2] Sains moden dibahagikan kepada dua cabang besar:[3] sains alam sekitar yang mengkaji alam fizikal, dan sains kemasyarakatan ...
https://mt.wikipedia.org/wiki/Xjenza	Xjenza - Wikipedija	"Fergħa ta' l-għerf li jimxi fuq il-metodu xjentifiku jew prinċipji oġġettivi bl-osservazzjoni sistematika u esperimentar b'fenomeni. Tittratta l-aktar dwar il-materja u l-funzjonijiet ta' l-univers fiżiku".
https://mwl.wikipedia.org/wiki/Ci%C3%A9ncia	Ciéncia - Biquipédia	Ciéncia ye tanto la:
https://my.wikipedia.org/wiki/%E1%80%9E%E1%80%AD%E1%80%95%E1%80%B9%E1%80%95%E1%80%B6%E1%80%95%E1%80%8A%E1%80%AC	သိပ္ပံပညာ - ဝီကီပီးဒီးယား	သိပ္ပံပညာ (အင်္ဂလိပ်: Science) သည် စကြဝဠာလောက၊ (Universe)၏ အကြောင်းကို စနစ်တကျ ခန့်မှန်းမှုများ၊ ရှင်းလင်း တွက်ချက်မှုများ၊ စမ်းသပ် တီထွင်မှုများ စသည့် အသိပညာစုဆောင်းက အသုံးချသည့် လုပ်ငန်းရပ်များစွာကို ခြုံငုံညွှန်းဆိုခြင်း ဖြစ်သည်။[၁][၂][၃]
https://myv.wikipedia.org/wiki/%D0%A2%D0%BE%D0%BD%D0%B0	Тона — Википедиясь	Тона (лат. scientia, руз. наука, кезэрэнь уралонь кельсэ *tuna, «тонадома») — те ломань шкинемань ёнкс, эрямочиде-алкуксчиде, кона содамонь шкамо ды вейкетямо ёнов.
https://mzn.wikipedia.org/wiki/%D8%B9%D9%84%D9%85	علم - ویکی‌پدیا	علم اتا سیستم هسته که دانش ره ساجنه و تنظیم کنده و وه ره آزمایش‌پذیر ات‌جور بار یارنه که طبیعت و جامعه ره توضیح هادن.[۱]: 49–71 [۲] وه علمی روش جه پیش شونه که اینتی مراحل دارنه: اتا تجربی چرخه که معمولاً مشاهده، فرضیه بساتن، شواهد ره آزمایش هاکردن و نتیجه بئیتن. علم، این مراحل...
https://nah.wikipedia.org/wiki/Tlamatiliztli	Tlamatiliztli - Huiquipedia, in yolloxoxouhqui centlamatilizamoxtli	Tlamatiliztli ītōcā ihcuāc tlatēmati īpampa zāzotlein mochīhua. Inīn tlahcuilōlli quipiya tlahtōl caxtillantlahtolcopa, inglestlahtolcopa īhuān francestlahtolcopa ic chōntallahtōque.
https://nds-nl.wikipedia.org/wiki/Wetenschop	Wetenschop - Wikipedia	Wetenschop is de benaeming veur et weten van de meenske, veur de organiseerde kennis in de saemenleving, en veur de organisaosie van de wetenschop. Kot saemenvat is wetenschop et streven van de meensken om te weten te kommen of iets waor of onwaor is en is baseerd op feiten di...
https://nds.wikipedia.org/wiki/Wetenschop	Wetenschop – Wikipedia	Wetenschop is all dat, wat de Minschen rutkreegen hebbt över Minsch un Natur as ok dat Ünnersöken vun Tosamenhäng un Saken, de opstunns noch nich verstahn warrt. Ne’et Weten kriggt de Wetenschop dör de Forschung. Wat dormit rutfunnen warrt, mutt denn so opschreven warrn, dat a...
https://ne.wikipedia.org/wiki/%E0%A4%B5%E0%A4%BF%E0%A4%9C%E0%A5%8D%E0%A4%9E%E0%A4%BE%E0%A4%A8	विज्ञान - विकिपिडिया	विज्ञान व्यवस्थित ज्ञान अथवा विद्या हो जो विचार, अवलोकन, अध्ययन, र प्रयोगले प्राप्त गर्न सकिन्छ, वा कुनै अध्ययनको विषयको प्रकृति वा सिद्धान्तहरू जान्नका लागि अध्ययन गरिन्छ। विज्ञान शब्दको प्रयोग ज्ञानको यस्तो शाखाको निम्ति पनि गरिन्छ, जो तथ्य, सिद्धान्त र तरीकाहरूलाई प्रयोग र ...
https://new.wikipedia.org/wiki/%E0%A4%A6%E0%A5%81%E0%A4%B8%E0%A4%BF%E0%A4%95%E0%A4%BE	दुसिका - Wikipedia	दुसिका वा विज्ञान विचाः, अवलोकन, अध्ययन, व प्रयोगय् आधारित छगू व्यवस्थित ज्ञान वा विद्या ख। दुसिकाय् छुं नं विषयया प्रकृति थुइका व प्रकृतिया सिद्धान्त दयेकिगु जुइ। दुसिका खँग्वःया छ्येला सिकेगु ज्याया थन्याःगु कचाया निंतिं यायेछिं गुकिलि तथ्य, सिद्धान्त, पद्धति व प्रयोगया आधार...
https://nl.wikipedia.org/wiki/Wetenschap	Wetenschap - Wikipedia	Wetenschap is zowel de systematisch verkregen, geordende en verifieerbare menselijke kennis, als de wetenschappelijke gemeenschap waarin deze kennis wordt verzameld.[1] Deze gemeenschap heeft haar eigen methodes en conventies om, per vakgebied, tot een samenhangend geheel van ...
https://nn.wikipedia.org/wiki/Vitskap	Vitskap – Wikipedia	Vitskap viser til organisert kunnskap innanfor eit felt. Omgrepet har utvikla seg gjennom tidene, og dagens vestlege disiplinar følgjer eit vitskapsomgrep utvikla rundt 1700-talet, då ein innan naturvitskapane tok til å utvikla teoriar og utføra eksperiment for å støtta eller ...
https://no.wikipedia.org/wiki/Vitenskap	Vitenskap – Wikipedia	Vitenskap er et systematisk foretak som gjennom kritisk undersøkelse organiserer kunnskap og metoder, og inneholder et sett med prinsipper og kriterier for hvordan både metoder og observasjoner skal forstås. Moderne vitenskap deles ofte i naturvitenskap, som er studiet av den ...
https://nov.wikipedia.org/wiki/Sientie	Sientie - Wikipedia	Sientie (fro li latine scientia "savo") es sistemati interpretatione, ke konstrukte e organisa savos in li forme de atestabli explikationes e prediktiones pri li universe.
https://nqo.wikipedia.org/wiki/%DF%9F%DF%90%DF%B2%DF%9E%DF%8F	ߟߐ߲ߞߏ - ߥߞߌߔߘߋߞߎ	ߖߊ߯ߓߊ ߦߌ߬ߘߊ߬ߣߍ߲߬ ߦߋ߫ ߜߙߋ߬ ߛߌߦߊߡߊ߲߫ ߖߙߎߡߎ߲ ߠߎ߬ ߟߋ߬ ߘߐ߫ ߕߎ߬ߡߊ ߟߎ߬ ߘߌ߫߸ ߡߍ߲ ߦߋ߫ ߕߊ߬ߡߌ߲߬ ߠߊ߫ ߞߊ߬ ߓߐ߫ ߣߎߡߊ߲߫ ߞߊ߬ ߕߊ߯ ߞߌߣߌ߲߫.
https://nrm.wikipedia.org/wiki/Scienche	Scienche — Wikipedia	Eune scienche, ch'est eune savaunt'taé.
https://nso.wikipedia.org/wiki/Thutamahlale	Thutamahlale - Wikipedia, Ensaeklopedia ya mahala	Thutamahlale ke teko ya go nyepolla tsebo, le go oketša tsebo ya batho go dilo ka moka tšeo di diregago lefaseng ka bophara.
https://oc.wikipedia.org/wiki/Sci%C3%A9ncia	Sciéncia — Wikipèdia	Sciéncia — Wikipèdia
https://om.wikipedia.org/wiki/Saayinsii	Saayinsii - Wikipedia	Mirkanbeekiin, yookiin Saayinsiin, jecha afaan Laatinii "scientia" jedhu irraa kan dhufe yoo ta'u, hiikni jalqabaas "beekumsa" yookiin "hubannoo" jechuudha. Garuu hiikni isaa yeroo ammayyaa bal'inaan kan bakka bu'u, "mala sirrii fi gurmaa'aa ittiin beekumsa waa'ee yuuniversii ...
https://or.wikipedia.org/wiki/%E0%AC%AC%E0%AC%BF%E0%AC%9C%E0%AD%8D%E0%AC%9E%E0%AC%BE%E0%AC%A8	ବିଜ୍ଞାନ - ଉଇକିପିଡ଼ିଆ	ବିଜ୍ଞାନ (ବିଶେଷ ଜ୍ଞାନ) (ବା Science Latin: scientiaରୁ ଆସିଅଛି ଯାହାର ଅର୍ଥ "ଜ୍ଞାନ"[୧]) ବିଶ୍ୱର ଏକ ଜ୍ଞାନକୁ ଏକ ଉପଯୁକ୍ତ ପରଖାଯାଇ ପାରୁଥିବା ବୈଜ୍ଞାନିକ ସିଦ୍ଧାନ୍ତ ଓ ଅନୁମାନ ସହ ପ୍ରମାଣ କରାଯାଇପାରୁଥିବା ବ୍ୟବସ୍ଥା ।[୨][୩]ପୂର୍ବେ ବିଜ୍ଞାନ ଅଧିକ ଦର୍ଶନ ପର୍ଯବେଶିତ ଥିଲା ।
https://os.wikipedia.org/wiki/%D0%97%D0%BE%D0%BD%D0%B0%D0%B4	Зонад — Википеди	Зонад (бирæон нымæц: зонæдтæ) кæнæ наукæ у ахæм архайд, кæцы тымбыл кæны зонынад æмæ йын уаг æвæры. Уыцы архайды бындуры ис факттæ æмбырдкæнын, систематизаци, критикон анализ æмæ ног зонæнты синтез. Зонады фæрцы адæймагæн фадат фæзыны прогнозтæ кæнын.
https://pa.wikipedia.org/wiki/%E0%A8%B5%E0%A8%BF%E0%A8%97%E0%A8%BF%E0%A8%86%E0%A8%A8	ਵਿਗਿਆਨ - ਵਿਕੀਪੀਡੀਆ, ਇਕ ਅਜ਼ਾਦ ਵਿਸ਼ਵਗਿਆਨਕੋਸ਼	ਵਿਗਿਆਨ ਜਾਂ ਸਾਇੰਸ (ਲਾਤੀਨੀ scientia ਭਾਵ "ਸੋਝੀ" ਤੋਂ) ਇੱਕ ਅਜਿਹਾ ਸਿਲਸਿਲੇਵਾਰ ਸਿਧਾਂਤਕ ਉੱਪਰਾਲਾ ਹੈ ਜਿਹੜਾ ਬ੍ਰਹਿਮੰਡ ਦੇ ਬਾਰੇ ਜਾਣਕਾਰੀ ਨੂੰ ਪਰਖਯੋਗ ਵਿਆਖਿਆਵਾਂ ਅਤੇ ਭਵਿੱਖਬਾਣੀਆਂ ਦੇ ਰੂਪ ਵਿੱਚ ਉਸਾਰਦੀ ਅਤੇ ਇਕੱਠੀ ਕਰਦੀ ਹੈ।[1] ਇੱਕ ਪੁਰਾਣੇ ਅਤੇ ਮਿਲਦੇ-ਜੁਲਦੇ ਭਾਵ ਵਿੱਚ (ਮਿਸਾਲ ਵਜੋਂ "ਅਰਿਸਟੋਟਲ" 'ਚ), ਵਿਗਿਆਨ ਉਸ ਭਰੋਸ...
https://pap.wikipedia.org/wiki/Siensia	Siensia - Wikipedia, e ensiklopedia liber	Siensia ta un disiplina ku ta atkerí, organisá, i verifiká konosementu humano sistemátikamente, i ta referí tambe na e komunidat den kua e konosementu aki ta wòrdu kolekshoná. E komunidat aki tin su mesun método i konvenshonnan pa yega na un sèt koherente di hipótesis, lei, i ...
https://pcd.wikipedia.org/wiki/Scienches	Scienches — Wikipedia	Chés scienches (parfoés scienche au singulier, scientia in latin, ch'est à dire connèssanche) ch'est ch'éq o sait pou l'avoèr appris, ch'éq o tient pou vrè.
https://pcm.wikipedia.org/wiki/Science	Science - Wikipedia	Science im a systematic enterprise wey builds and organizes knowledge in the form of testable explanations and predictions about the universe.
https://pl.wikipedia.org/wiki/Nauka	Nauka – Wikipedia, wolna encyklopedia	Nauka – różnie definiowany element kultury, odznaczający się dążeniem do wiedzy[1]. Pojęcie nauki jest wieloznaczne z kilku przyczyn:
https://pms.wikipedia.org/wiki/Siensa	Siensa - Wikipedia an piemontèis, l'enciclopedìa lìbera e a gràtis	Ël concet ëd siensa as arferiss a qualsëssìa sistema ëd conossense ch'a sërca d'oten-e ëd modej ogetiv ëd la realtà. Ant un sens pì s-ciass, le siense a fan arferiment a 'd sistema d'aquisission dle conossense basà ansima a 'd métod acetà tanme sientìfich, ma ëdcò a 'n còrp or...
https://pnb.wikipedia.org/wiki/%D8%B3%D8%A7%D8%A6%D9%86%D8%B3	سائنس - وکیپیڈیا	ریاضی ریاضیا‏تی منطق ریاضی احصاء شمارندیات
https://ps.wikipedia.org/wiki/%D9%BE%D9%88%D9%87%D9%86%D9%87	پوهنه - ويکيپېډيا	سمول - سرچینه سمول - توکی سمول
https://pt.wikipedia.org/wiki/Ci%C3%AAncia	Ciência – Wikipédia, a enciclopédia livre	Ciência é um esforço rigoroso e sistemático que constrói e organiza o conhecimento na forma de explicações e previsões testáveis sobre o mundo.[1][2] A ciência moderna é normalmente dividida em três ramos principais:[3] as ciências naturais (por exemplo, física, química e biol...
https://qu.wikipedia.org/wiki/Hamut%27ay	Hamut'ay - Wikipidiya	Hamut'ay, Pawachasqa yachay, Yachayma[1], Qhawahamut’ay icha Yachaychay nisqaqa (latin simipi: scientia, kastilla simipitaq ciencia) aypaq yachaykunankam atipay allichaypas ruray ñan (proceso) nisqamanta. Chay yachayqa runakunap rurasqanpa, qhawasqanpa, yuyasqanpa, yuyaychakus...
https://rm.wikipedia.org/wiki/Scienza	Scienza – Wikipedia	La scienza (dal latin scientia che munta «savida») è in'interpresa sistematica che stgaffescha ed organisescha savida en furma d'explicaziuns cumprovabalas e predicziuns davart l'univers. En ina muntada pli veglia e stretgamain parentada sa referescha «scienza» ad ina colleczi...
https://ro.wikipedia.org/wiki/%C8%98tiin%C8%9B%C4%83	Știință - Wikipedia	Știința (din cuvântul latin scientia, care înseamnă „cunoaștere”)[1] este un sistem ordonat de cunoștințe structurate care studiază, cercetează și interpretează fenomenele naturale, sociale și artificiale.[2]
https://roa-rup.wikipedia.org/wiki/%C8%98tiin%C8%9B%C3%A2	Științâ - Wikipedia, Ențiclopedia liberâ	Știința easti disciplina ți aduți la cunoaștiria omului icâ a lumiljei. Omlu cari știi științâ s-cljeamâ omu di științâ.
https://ru.wikipedia.org/wiki/%D0%9D%D0%B0%D1%83%D0%BA%D0%B0	Наука — Википедия	Нау́ка (праслав. *na- + *učiti — учить, выкнуть) — деятельность, направленная на выработку и систематизацию объективных знаний о действительности посредством научного метода.
https://rue.wikipedia.org/wiki/%D0%9D%D0%B0%D1%83%D0%BA%D0%B0	Наука — Вікіпедія	Наука є сістематічный способ дослїджованя реаліты, котрого обєктом можуть быти предметы, дїї, люде або іншы бытя.
https://sa.wikipedia.org/wiki/%E0%A4%B5%E0%A4%BF%E0%A4%9C%E0%A5%8D%E0%A4%9E%E0%A4%BE%E0%A4%A8%E0%A4%AE%E0%A5%8D	विज्ञानम् - विकिपीडिया	ज्ञानमिति पदं तु ‘ज्ञा अवबोधने’ इति धातुना व्युत्पन्नम्। वस्तूनां स्वरूपज्ञानं विषयाणाम् इन्द्रियजन्यं ज्ञानं च अस्य परिधिः। वि इति उपसर्गस्य योजनेन, ‘विशिष्टं ज्ञानं विज्ञानम्’ इति अर्थः स्फुरति। पुरातनाः ज्ञानमिति शब्दम् आत्मज्ञानविषये, विज्ञानशब्दं लौकिकविषयाणां ज्ञाने उपयु...
https://sah.wikipedia.org/wiki/%D2%AE%D3%A9%D1%80%D1%8D%D1%85	Үөрэх — Бикипиэдьийэ	Үөрэх диэн тула эйгэни, аан дойдуну чинчийии нөҥүө билии-көрүү. Тула эйгэҕэ баар эттиктэр хайдах үлэлииллэрин быhаарар гына, үөрэхчиттэр салайыллар үөрэх методтарын туттан информация ылаллар.
https://sat.wikipedia.org/wiki/%E1%B1%A5%E1%B1%9F%E1%B1%AC%E1%B1%AE%E1%B1%A5	ᱥᱟᱬᱮᱥ - ᱣᱤᱠᱤᱯᱤᱰᱤᱭᱟ	ᱥᱟᱬᱮᱥ ᱫᱚ ᱫᱷᱟᱹᱨᱛᱤ ᱨᱮᱱᱟᱜ ᱢᱤᱫ ᱜᱮᱭᱟᱱ ᱥᱚᱛ ᱥᱟᱹᱨᱤ ᱠᱟᱛᱷᱟ ᱨᱮᱱᱟᱜ ᱯᱚᱨᱢᱟᱱ ᱥᱚᱫᱚᱨ ᱨᱮᱱᱟᱝ ᱢᱤᱫ ᱵᱮᱵᱚᱥᱛᱟ ᱾ [᱑] ᱯᱟᱹᱦᱤᱞ ᱫᱚ ᱥᱟᱬᱮᱥ ᱠᱷᱚᱱ ᱵᱟᱹᱲᱛᱤ ᱫᱚᱨᱥᱚᱱ ᱥᱟᱥᱛᱨᱚ ᱟᱹᱰᱤ ᱵᱟᱹᱲᱛᱤ ᱛᱟᱦᱮᱸ ᱠᱟᱱᱟ ᱾ ᱥᱟᱬᱮᱥ ᱫᱚ ᱥᱟᱹᱨᱤ ᱠᱟᱛᱷᱟ ᱟᱨ ᱥᱟᱬᱮᱥ ᱞᱮᱠᱟᱛᱮ ᱨᱟᱭᱨᱤᱛ ᱮ ᱥᱚᱫᱚᱨᱟ ᱾ [᱒][᱓] ᱥᱟᱬᱮᱥ ᱫᱚ ᱟᱭᱢᱟ ᱜᱮᱭᱟᱱ ᱮ ᱥᱚᱫᱚᱨᱟ ᱡᱟᱦᱟᱸ ᱫᱚ ᱱᱚᱣᱟ ᱱᱚᱣᱟ ᱦᱚᱨᱟ ᱛᱮ ...
https://sc.wikipedia.org/wiki/Isci%C3%A8ntzia	Iscièntzia - Wikipedia	Iscièntzia in su sentidu prus ampru si referit a calesisiat connoschèntzia o abilidade, mascamente (ma no petzi) cando faghet a la mesurare. Sa faedda iscièntzia descriet puru calesisiat campu de istùdiu sistemàticu o sa connoschèntzia tirada de unu istùdiu de gai. Prus a s'is...
https://scn.wikipedia.org/wiki/Scienza	Scienza - Wikipedia	Scienza, ( dû latinu "scientia" chi veni a diri "canuscenza") è na disciplina chi tenni a ricògghiri di manera sistimàtica tutti li finòmina tistàbbili e riproducìbbili e a classificàrili secunnu liggi e tiurìi.
https://sco.wikipedia.org/wiki/Science	Science - Wikipedia	Science (frae the Laitin scio, meanin "tae ken") is a wey tae find oot things. Whiles the wird "science" is uised for tae refer tae the knawledge that is fund uisin the methods o science.
https://sd.wikipedia.org/wiki/%D8%B3%D8%A7%D8%A6%D9%86%D8%B3	سائنس - وڪيپيڊيا	سائنس (Science) هڪ منظم شعبو آهي، جيڪو علم کي فطرت ۽ سماج بابت آزمائش جوڳين وضاحتن جي صورت ۾ جوڙي ۽ ترتيب ڏئي ٿو.[1]:{{{1}}}[2] اها سائنسي طريقي وسيلي اڳتي وڌي ٿي: هڪ تجرباتي چڪر، جنهن ۾ عام طور تي مشاهدا ڪرڻ، مفروضا جوڙڻ، انهن کي ثبوتن وسيلي پرکڻ ۽ نتيجا ڪڍڻ شامل آهن. سائنس ۾...
https://sh.wikipedia.org/wiki/Nauka	Nauka – Wikipedija / Википедија	Nauka ili znanost, sistem sređenih i sistematiziranih znanja o nama i (materijalnom i nematerijalnom) svijetu koji nas okružuje. To je obimna i opsežna skupina informacija i o nekom subjektu, ali se ta riječ posebno koristila za informacije o fizičkom univerzumu. Pojam nauke o...
https://shi.wikipedia.org/wiki/Tamassant	Tamassant — Wikipedia	' Tamassant nɣ Tawsna (Amagut: Timassanin, Tiwsniwinismon akkⵯ igr ad ku ma iZlin s tiwsniwin d tamussna mad akkan iswingimn nns lanin atig f mayssn ufgan, d ma yuv s ixfn ɣ tusna n madas issutln. z talatinit connaissance »). Ilint graygatt tiɣulin n tamassant, tarakal tamsasf...
https://si.wikipedia.org/wiki/%E0%B6%B1%E0%B7%80%E0%B7%93%E0%B6%B1_%E0%B7%80%E0%B7%92%E0%B6%AF%E0%B7%8A%E2%80%8D%E0%B6%BA%E0%B7%8F%E0%B7%80	නවීන විද්‍යාව - විකිපීඩියා	විශ්වය පිළිබඳ පිරික්සා බැලිය හැකි, විස්තර කිරීම් සහ අනාවැකි පළ කළ හැකි ආකාරයේ වන්නාවූ දැනුම බිහිකරණ සහ සංවිධිත කරණ සහ ක්‍රමවත් කර්තව්‍යය නවීන විද්‍යාව හෙවත් බටහිර විද්‍යාව නම් වේ. විද්‍යාව යනු භෞතික විද්‍යාව, රසායන විද්‍යාව, ජීව විද්‍යාව හා තාරකා විද්‍යාව වැනි විෂය ක්ෂේත්‍රවල ...
https://simple.wikipedia.org/wiki/Science	Science - Simple English Wikipedia, the free encyclopedia	Science is what we do to find out about the natural world.[1][2] There are different kinds of science. Natural sciences study nature and the physical world. They include biology, chemistry, geology, astronomy, and physics. Social sciences study people and how societies work. T...
https://sk.wikipedia.org/wiki/Veda	Veda - Wikipédia	Veda je jedna z foriem osvojovania si sveta človekom, ktorej produktom sú teoreticky systematizované objektívne poznatky alebo súbor poznatkov nachádzajúcich sa v zdôvodnenom kontexte. Súčasná veda vychádza z pozorovania, alebo experimentu, pričom tieto musia byť opakovateľné ...
https://skr.wikipedia.org/wiki/%D8%B3%D8%A7%D8%A6%D9%86%D8%B3	سائنس - وکیپیڈیا	مشاہدے تے تجربے نال بݨایا ھویا علم سائنس ہوندے۔ سائنس دے مطالعہ دا علم تے تحقیق ہزاراں سالاں کنوں جاری ہے، زمانے دے نال ایندے وچ بہتری آئی ہے۔
https://sl.wikipedia.org/wiki/Znanost	Znanost - Wikipedija, prosta enciklopedija	Matematična logika Matematična statistika
https://sm.wikipedia.org/wiki/Saienisi	Saienisi - Wikipedia	'Ua 'ātoa nei pe tusa o le 200 tausaga talu ona sui mea tau tekonolosi talu ona fa'alautele faiga a saienitisi. 'Ua o latou sa'ili'ili pea i 'auala ma mea e fa'aalualu ai ma fa'afaigōfie ai le olaga o le tagata ola. 'O saienisi po'o saienitisi, e tāua a latou su'esu'ega 'auā e...
https://sn.wikipedia.org/wiki/Sainzi	Sainzi - Wikipedia	peji rino rinoda kuwerengwa ne kuwedzerwa
https://so.wikipedia.org/wiki/Aqoonmaal_(Saynis)	Aqoonmaal (Saynis) - Wikipedia	Aqoonmaal (Saynis) - Wikipedia
https://sq.wikipedia.org/wiki/Shkenca	Shkenca - Wikipedia	Shkenca (lat. "scientia" - njohuri, dituri, dije)[1] është tërësia e veprimtarive njohëse dhe përgjithësuese, një sistem dijesh e njohurish për ligjet e zhvillimit të natyrës, shoqërisë, dukurive dhe objekteve dhe që është formuar historikisht duke hulumtuar, studiuar dhe vëzh...
https://sr.wikipedia.org/wiki/%D0%9D%D0%B0%D1%83%D0%BA%D0%B0	Наука — Википедија	Наука је систем сређених и систематизованих знања о нама и (материјалном и нематеријалном) свету који нас окружује. То је обимна и опсежна група информација и о неком субјекту, али се та реч посебно користила за информације о физичком универзуму. Појам науке одговара грч. појм...
https://srn.wikipedia.org/wiki/Skoro	Skoro - Wikipedia	Skoro efru Skroro (Ingristongo: science, knowledge, school, university) e ben wan kolessi fu sabi leki, sabi fu libi, sabi fu son nanga sofo. Wan man ini skoro e ben wan skoroman efru wan laboraman. Pru e ben oforu ini den laboratori.
https://ss.wikipedia.org/wiki/Isayensi	Isayensi - Wikipedia	Isayensi kufundvwa kwendlela tintfo letenteka ngayo kanye nekutfola tizatfu. Isayensi ifaka ekhatsi letifundvo letilandzelako:
https://st.wikipedia.org/wiki/Sayense	Sayense - Wikipedia	Sayense.
https://su.wikipedia.org/wiki/%C3%89lmu	Élmu - Wikipédia Sunda, énsiklopédi bébas	Élmu nyaéta sakumna usaha sadar pikeun nalungtik, manggihan sarta ngaronjatkeun pamahaman manusa ti sagala rupa sisi kanyataan dina alam manusa [1]. Sisi-sisi ieu diwatesan sangkan dihasilkeun rumusan-rumusan anu pasti. Élmu méré kapastian kalawan ngawatesan wengkuan tetempoan...
https://sv.wikipedia.org/wiki/Vetenskap	Vetenskap – Wikipedia	Vetenskap beskrivs ofta som produktion av ny kunskap med systematiska metoder[1]. Vetenskapliga metoder innefattar:
https://sw.wikipedia.org/wiki/Sayansi	Sayansi - Wikipedia, kamusi elezo huru	Sayansi ni maarifa yanayopatikana kwa kufanya vitendo, kutazama na kujaribu kweli ambazo zimebainishwa hazijathibitishwa.[2]
https://szl.wikipedia.org/wiki/Nauka	Nauka – Wikipedia	Nauka – pojyńcie co mo moc znaczyń, ftore idzie zmiarkować za zbiōr ludzkij wiydzy, kero ôstała uszachtlowanŏ w systym i wyrażōno we hipotezach a tyjoryjach[1]. Inakszyj definiuje sie ja za mynga podszukowań, kludzōnych podle ôkryślōnych metod, nad roztōmajtymi zjawiskami abo ...
https://ta.wikipedia.org/wiki/%E0%AE%85%E0%AE%B1%E0%AE%BF%E0%AE%B5%E0%AE%BF%E0%AE%AF%E0%AE%B2%E0%AF%8D	அறிவியல் - தமிழ் விக்கிப்பீடியா	அறிவியல் (ஒலிப்புⓘ) (Science) என்பது "அறிந்து கொள்ளுதல் " எனப் பொருள்படும் scientia எனும் இலத்தீன் சொல்லில் இருந்து பெறப்பட்டதாகும்.[2][3][4] அறிவியல் என்பது புடவி பற்றிய நிறுவமுடிந்த விளக்கங்கள் முன்கணிப்புகளின் வடிவத்தில் அறிவை ஒருங்கமைத்து உருவாக்கும் முறையான நிறுவனம் ஆகும்.
https://tcy.wikipedia.org/wiki/%E0%B2%B5%E0%B2%BF%E0%B2%9C%E0%B3%8D%E0%B2%9E%E0%B2%BE%E0%B2%A8	ವಿಜ್ಞಾನ - ವಿಕಿಪೀಡಿಯ	ವಿಜ್ಞಾನ ಪಂಡ ಇಂಗ್ಲಿಸ್‍ದ Science ಭೌತಿಕ ಜಗತ್ತ್ನ್ ನನಲ ಜಿಂಜ ತೆರಿಯೊನ್ರೆ ಸಹಾಯ ಮಲ್ಪುನ ಕಾರ್ಯೊ. ಗೇನೊನು ಮೊಡೆತ್, ಒಟ್ಟುಸೇರ್ಪಾದ್, ಪ್ರಯೋಗೊಲೆದ ಮುಖಾಂತರೊ ಸಾಧಿಪುನ ವ್ಯವಸ್ಥೆ, ವಿಜ್ಞಾನ. ವಿಜ್ಞಾನೊದ ಕಲೊಟು ಬೆನ್ಪುನಕಲೆಗ್ ವಿಜ್ಞಾನಿ ಪಂದ್ ಪನ್ಪೆರ್.
https://te.wikipedia.org/wiki/%E0%B0%B5%E0%B0%BF%E0%B0%9C%E0%B1%8D%E0%B0%9E%E0%B0%BE%E0%B0%A8%E0%B0%B6%E0%B0%BE%E0%B0%B8%E0%B1%8D%E0%B0%A4%E0%B1%8D%E0%B0%B0%E0%B0%82	విజ్ఞానశాస్త్రం - వికీపీడియా	విజ్ఞాన శాస్త్రం లేదా సైన్సు అనేది ఈ ప్రపంచం గురించి మనకు తెలిసిన విషయాల్ని ఒక పద్ధతి ప్రకారం వివరించే శాస్త్రం. ఈ శాస్త్రం అనేక విభాగాలుగా విభజించబడి ఉంది. ప్రకృతి శాస్త్రంలో భౌతిక ప్రపంచాన్ని గురించిన అధ్యయనం ఉంటుంది. సామాజిక శాస్త్రంలో ప్రజలు, సమాజం గురించిన విషయాలు ఉంటాయి....
https://tg.wikipedia.org/wiki/%D0%98%D0%BB%D0%BC	Илм — Википедия	Илм (форсӣ: علم‎ — ба маънои омӯхтан) — сохторе аст барои тавлид ва сомондиҳии дониш дар бораи ҷаҳони табии дар қолаби тавзеҳҳо ва пешбиниҳои озмоишшуданӣ. Як маънои қадимитар ва наздик ки имруз ҳануз ҳам ба кор меравад мутаалиқ ба Арасту аст ва дониши илмиро маҷмӯаи аз огоҳиҳ...
https://th.wikipedia.org/wiki/%E0%B8%A7%E0%B8%B4%E0%B8%97%E0%B8%A2%E0%B8%B2%E0%B8%A8%E0%B8%B2%E0%B8%AA%E0%B8%95%E0%B8%A3%E0%B9%8C	วิทยาศาสตร์ - วิกิพีเดีย	วิทยาศาสตร์[note 1] หมายถึง ความรู้เกี่ยวกับสิ่งต่าง ๆ ในธรรมชาติทั้งที่มีชีวิตและไม่มีชีวิต รวมทั้งกระบวนการประมวลความรู้เชิงประจักษ์ ที่เรียกว่ากระบวนการทางวิทยาศาสตร์ และกลุ่มขององค์ความรู้ที่ได้จากกระบวนการดังกล่าว
https://tk.wikipedia.org/wiki/Ylym	Ylym - Wikipediýa	Ylym — hakykat baradaky obýektiw bilimleriň işlenilip düzülmegine we teoretiki taýdan ulgamlaşdyrylmagyna gönükdirilen adamzat işiniň sferasy. Ol işiň esasy düýbi faktlary ýygnamak, olary hemişe täzeläp we ulgamlaşdyryp durmak, tankydy nukdaýnazardan analiz etmek we şol esasda...
https://tl.wikipedia.org/wiki/Agham	Agham - Wikipedia, ang malayang ensiklopedya	Aghám o siyénsiyá ang sistematikong pagsasagawa at pagsasaayos sa kaalaman ng sangkatauhan sa pamamagitan ng mga masusubukang hinuha (ipotesis) at hula (prediksiyon) tungkol sa sanlibutan.[1] Sa kasalukuyang panahon, madalas na hinahati ito sa dalawa o tatlong sangay:[2] ang m...
https://tly.wikipedia.org/wiki/Elm	Elm - Vikipedija	Elm — təbiət, čəmjjət u cy insoni təfəkkuri barədə objektivə, sisteminə u əsosin byə zynəjon səjro, bo cəvon sərost karde, u paj-baxš kardejro insonə fəolijjəti tispir. Yn fəlijjəti əsos - elmi fakton gyrdə karde, əcəvon daima nubekarde, əvoni sistemin karde, təngidə analiz ij...
https://to.wikipedia.org/wiki/Saienisi	Saienisi - Wikipedia	Ko e saienisi ko ha kautaha pau ʻoku ne langaki hake mo fokotuʻutuʻu ʻa e ʻilo ʻi lava-sivi ngaahi fakamatala mo e ngaahi fakamatala mo e ngaahi kikite fekauʻaki mo e ʻunivesi.
https://tok.wikipedia.org/wiki/nasin_sona	nasin sona - lipu Wikipesija	nasin sona anu sona pi ale lon la, jan li kama sona e ijo ale kepeken nasin pona. jan li toki e ijo ken, li alasa pona e lon ona.
https://tr.wikipedia.org/wiki/Bilim	Bilim - Vikipedi	* Fizik
https://ts.wikipedia.org/wiki/Sayensi	Sayensi - Wikipedia	Sayensi indlela yotumbuluxa, kuaka no hlela vutivi byi andlaleka hindlela yo hlamusela no vhumba hi ta mbangu.[nb 1][2]
https://tum.wikipedia.org/wiki/Usanthuro	Usanthuro - Wikipedia	Usanthuro - Wikipedia
https://tw.wikipedia.org/wiki/Nyansahufo%C9%94	Nyansahufoɔ - Wikipedia	Nyansahu yɛ mmɔdenbɔ a ɛyɛ katee, nhyehyɛe a ɛkyekye na ɛhyehyɛ nimdeɛ wɔ nkyerɛkyerɛmu ne nkɔmhyɛ ahorow a wotumi sɔ hwɛ a ɛfa amansan no ho.[1][1] Wɔtaa kyekyɛ nnɛyi nyansahu mu ayɛ no nkorabata atitiriw abiɛsa:[2] abɔde ho nyansahu (e.g., abɔde a nkwa wom, nnuruyɛ, ne abɔde...
https://udm.wikipedia.org/wiki/%D0%9D%D0%B0%D1%83%D0%BA%D0%B0	Наука — Википедия	Наука яке тодос — дунне шоры теорияя радъям учконъёс, кудъёсыз дуннелэсь валтӥсь палъёссэ абстрактно-логической кабъя кылдыто (валанъёс, теориос, катъёс пыр) но научной эскеронъёс вылэ пыкисько.
https://uk.wikipedia.org/wiki/%D0%9D%D0%B0%D1%83%D0%BA%D0%B0	Наука — Вікіпедія	На цій сторінці показано неперевірені зміни
https://ur.wikipedia.org/wiki/%D8%B3%D8%A7%D8%A6%D9%86%D8%B3	سائنس - آزاد دائرۃ المعارف، ویکیپیڈیا	سائنس ایک منظم شعبہ ہے جو فطرت، اس کے ضوابط اور معاشرے کے بارے میں قابلِ آزمائش وضاحتوں کی صورت میں علم کی تشکیل اور تنظیم کرتا ہے۔ اس کی بنیاد سائنسی طریقے پر ہے: ایک تجربی سلسلہ جس میں مشاہدات اور حقائق کو سامنے لانا، مفروضات پیدا کرنا، انھیں ثبوت سے آزمانا اور ایک نتیجے تک ...
https://uz.wikipedia.org/wiki/Fan	Fan - Vikipediya	Fan yoki ilm-fan ilmiy metod bilan toʻplangan bilimlarning tartibli tizimidir.
https://ve.wikipedia.org/wiki/Saintsi	Saintsi - Wikipedia	Saintsi.
https://vec.wikipedia.org/wiki/Siensa	Siensa - Wikipèdia Vèneta, ła ensiclopedia łìbara	Le modifiche in sospeso le vien mostrà su sta pagina
https://vep.wikipedia.org/wiki/Tedo	Tedo – Vikipedii	Tedo om ristitun radmižen sfer, kudamb sädab i sisematiziruib teoretižikš objektivišt informacijad toziolendas.
https://vi.wikipedia.org/wiki/Khoa_h%E1%BB%8Dc	Khoa học – Wikipedia tiếng Việt	Khoa học – Wikipedia tiếng Việt
https://vls.wikipedia.org/wiki/Weetnschap	Weetnschap - Wikipedia	Weetnschap is in feite olle geordende menschelyke kennisse die me bezittn ip e bepoald gebied en de systemoatische maniere woarip da me mêer kennisse kunn verkrygn. Vôorbeeldn noa bestudeerd gebied zyn de gêestesweetnschappn, nateurweetnschappn, cultuurweetnschappn en formele ...
https://vo.wikipedia.org/wiki/Nolav	Nolav - Vükiped	Nolav binon balat matera kosidik sitot. Säms noganas binons sogädanolavs, natanolavs e talanolavs.
https://wa.wikipedia.org/wiki/Syince	Syince — Wikipedia	Syince — Wikipedia
https://war.wikipedia.org/wiki/Syensya	Syensya - Wikipedia	An syensya (tikang ha Linatin scientia, kasirigngon "kaaradman") amo an paghalikwat hin mga batun para madug-ngan an kaaradman, ngan an organisado nga bahin han kaaradman nga nabibilngan ha pamaagi hini.
https://wo.wikipedia.org/wiki/Xam-xam	Xam-xam — Wikipedia	Xam-xam — Wikipedia
https://wuu.wikipedia.org/wiki/%E7%A7%91%E5%AD%A6	科学 - 吴语维基百科	科学（英语：Science，希腊语：Επιστήμη）是通过经验实证个方法，对现象（原来指自然现象，现泛指包括社会现象等现象）进行归因个学科。科学活动所得个知识是条件明确个（弗能模棱两可或随意解读）、能经得起检验个，而且弗能托任何适用范围内个已知事实产生矛盾。科学原仅指对自然现象个规律个探索搭总结，但人文学科也越来越多地被冠以“科学”之名。
https://xh.wikipedia.org/wiki/Inzululwazi	Inzululwazi - Wikipedia	Inzululwazi (Ngolwimi lwesiLatini kuthiwa yiscientia, oko kuthetha ukuthi "Ulwazi"[1]) yinkqubo eyenziwa ngezicwangciso, ngeendlela ezamkelekileyo nangemiqathango yophando kwinzululwazi ngendlela eya kwenza ukuba kubelula ukuba luvavanywe kunjalo nje luphicothwe, kutsho kubelu...
https://xmf.wikipedia.org/wiki/%E1%83%9B%E1%83%94%E1%83%9C%E1%83%AA%E1%83%90%E1%83%A0%E1%83%9D%E1%83%91%E1%83%90	მენცარობა — ვიკიპედია	მენცარობა — ადამიერიშ საქვარუაშ სფერო, ნამუშ ღანკი რე მასკუალარი მოსოფელიშ გეშა ობიექტური რჩქინაშ მეღება, დამუშება დო სისტემატიზაცია. მენცარული რჩქინაშ შაყარუა ორთაშ, ჯარალუაშ ვარდა შხვა ობიექტიშ ომენცარე მეთოდიშ მეშქაშობათ დოგურაფაშ შედეგო მუთმოხვადუ. კინე თე ბორჯის მენცარობა...
https://yi.wikipedia.org/wiki/%D7%95%D7%95%D7%99%D7%A1%D7%A0%D7%A9%D7%90%D7%A4%D7%98	וויסנשאפט – װיקיפּעדיע	וויסנשאַפט איז א סיסטעמאטישע דיסציפלין וואס האט אלץ איר ציל די אביעקטיווע באנעמונג פון דער ווירקלעכקייט. וויסנשאפט באשעפטיקט זיך מיט וויסן פון נאטור, דעם אוניווערס און דעם מענטשן דורך אן אנגענומענעם וועג פון וויסנשאפטלעכן מעטאד, וואס איז באזירט אויף היפאטעזן און זייער טעסטירן.
https://yo.wikipedia.org/wiki/S%C3%A1y%E1%BA%B9%CC%81ns%C3%AC	Sáyẹ́nsì - Wikipedia, ìwé-ìmọ̀ ọ̀fẹ́	Kini ìmọ-jinle tabi Sayensi? Imo-Jinle tabi Sayensi je nigba awa gbiyanju lati ye, kékò, ati kawe awon ohun ti Olorun ti da. Ni imo-jinlẹ, lati ni awon alamo, idamoran ohun, alaye, ati awon ofin se pataki gidigan. Ti awa n ko mo kankan, awa nilo lati kawe, ṣe akiyesi, kojo ati...
https://za.wikipedia.org/wiki/Gohyoz	Gohyoz - Wikipedia	Gohyoz, Gohhag, Gaiqhag miz geij cungj eiqsei:
https://zea.wikipedia.org/wiki/We%C3%AAtenschap	Weêtenschap - Wikipedia	Weêtenschap is 't op 'n bepaelde wieze verkriegen van kennis.
https://zgh.wikipedia.org/wiki/%E2%B5%9C%E2%B4%B0%E2%B5%8E%E2%B4%B0%E2%B5%99%E2%B5%99%E2%B4%B0%E2%B5%8F%E2%B5%9C	ⵜⴰⵎⴰⵙⵙⴰⵏⵜ - ⵡⵉⴽⵉⴱⵉⴷⵢⴰ	ⵜⴰⵎⴰⵙⵙⴰⵏⵜ&#91;1&#93; (ⵙ ⵜⵏⴳⵍⵉⵣⵜ: science) ⵜⴳⴰ ⵉⵥⵍⵉ ⴰⵏⴳⵔⴰⵡⴰⵏ ⵉⵜⵜⵥⴽⵓⵏ ⴷ ⵉⵙⵏⵎⴰⵍⴰⵏ ⵜⴰⵎⵙⵙⵏⴰ ⴳ ⵜⵍⵖⴰ ⵏ ⵜⵓⵔⴷⵉⵡⵉⵏ ⴷ ⵉⴹⴽⴽⵓⴹⵏ ⵉⵣⵎⵔⵏ ⵉ ⵡⴰⵔⴰⵎ ⵖⴼ ⵓⵎⵖⵔⴰⴷ. ⵜⴱⴹⴰ ⵜⵓⵙⵙⵏⴰ ⵜⴰⵜⵔⴰⵔⵜ ⴳ ⵓⵎⴰⵜⴰ ⵖⴼ ⵙⵉⵏ ⵉⵥⵍⵉⵜⵏ ⵉⵙⵉⵍⴰⵏⵏ - ⵏⵖ ⴽⵕⴰⴹ&#160;: ⵜⵉⵎⴰⵙⵙⴰⵏⵉⵏ ⵜⵉⴳⴰⵎⴰⵏⵉⵏ, ⵏⵏⴰ ⵉⵣⵔⵔⵓⵏ ⴰⵎⴰⴹⴰⵍ ⴰⵏⴳⴰⵏ, ⴷ ⵜⵓⵙⵙⵏⵉⵡⵉⵏ ⵜⵉⵏⴰⵎⵓⵏⵉⵏ, ...
https://zh-min-nan.wikipedia.org/wiki/Kho-ha%CC%8Dk	Kho-ha̍k – Wikipedia	Sái-n̄g-suh (Eng-bûn: science) sī iōng ē-tàng it-chài kiám-giām--ê pān-hoat kiàn-li̍p--ê tì-sek hē-thóng. Mā hoan-e̍k chò kho-ha̍k (科學).
https://zh-yue.wikipedia.org/wiki/%E7%A7%91%E5%AD%B8	科學 - 維基百科，自由嘅百科全書	科學 - 維基百科，自由嘅百科全書
https://zh.wikipedia.org/wiki/%E7%A7%91%E5%AD%A6	科学 - 维基百科，自由的百科全书	科学 - 维基百科，自由的百科全书
https://zu.wikipedia.org/wiki/Inzululwazi	Inzululwazi - Wikipedia	Inzululwazi futhi ISayensi iyisigabavu esihleliwe nendlela yokuzuza lonke ulwazi olungaba khona emhlabeni nakumkhathilibe wonke. Kwinzululwazi kukhona izindlela zokuhlela izincazelo ezivivinyayo nokubikezela ngomkhathi. [1] [2] Kubalulekile kakhulu kwinzululwazi ukuba imiphume...
https://www.wikidata.org/wiki/Special:EntityPage/Q336	science - Wikidata	systematic endeavor that builds and organizes knowledge, and the set of knowledge produced by this system
https://es.wikipedia.org/wiki/Discusi%C3%B3n:Ciencia	Discusión:Ciencia - Wikipedia, la enciclopedia libre	Aver aver, yo pregunte en wikipedia en ingles sobre la definicion de ciencia y ahora un usuario cambio la definicion y las citas de ciancia en eswiki, por favor tiene que existir un consenso para poder hacer algo asi, yo no fui a wikipedia en ingles a cambiar la definicion arb...
https://es.wikipedia.org/w/index.php?title=Ciencia&amp;action=edit	Ciencia - Wikipedia, la enciclopedia libre	La ciencia es una disciplina sistemática que construye y organiza conocimiento en forma de hipótesis y predicciones comprobables sobre el universo.[1][2][3] La ciencia moderna se divide típicamente en dos o tres ramas principales:[4] las ciencias naturales (por ejemplo, física...
https://es.wikipedia.org/w/index.php?title=Ciencia&amp;action=history	Ciencia - Wikipedia, la enciclopedia libre	La ciencia es una disciplina sistemática que construye y organiza conocimiento en forma de hipótesis y predicciones comprobables sobre el universo.[1][2][3] La ciencia moderna se divide típicamente en dos o tres ramas principales:[4] las ciencias naturales (por ejemplo, física...
https://es.wikipedia.org/wiki/Especial:LoQueEnlazaAqu%C3%AD/Ciencia	Páginas que enlazan con «Ciencia» - Wikipedia, la enciclopedia libre	Las siguientes páginas enlazan a Ciencia:
https://es.wikipedia.org/wiki/Especial:CambiosEnEnlazadas/Ciencia	Cambios en enlazadas - Wikipedia, la enciclopedia libre	Esta página especial enumera los últimos cambios en las páginas enlazadas. La páginas de tu lista de seguimiento aparecen en negrita.
https://es.wikipedia.org/w/index.php?title=Ciencia&amp;oldid=174476735	Ciencia - Wikipedia, la enciclopedia libre	La ciencia es una disciplina sistemática que construye y organiza conocimiento en forma de hipótesis y predicciones comprobables sobre el universo.[1][2][3] La ciencia moderna se divide típicamente en dos o tres ramas principales:[4] las ciencias naturales (por ejemplo, física...
https://es.wikipedia.org/w/index.php?title=Ciencia&amp;action=info	Ciencia - Wikipedia, la enciclopedia libre	La ciencia es una disciplina sistemática que construye y organiza conocimiento en forma de hipótesis y predicciones comprobables sobre el universo.[1][2][3] La ciencia moderna se divide típicamente en dos o tres ramas principales:[4] las ciencias naturales (por ejemplo, física...
https://es.wikipedia.org/w/index.php?title=Especial:Citar&amp;page=Ciencia&amp;id=174476735&amp;wpFormIdentifier=titleform	Citar artículo - Wikipedia, la enciclopedia libre	Información indexada por el motor Nuby.
https://es.wikipedia.org/w/index.php?title=Especial:Acortador_de_URL&amp;url=https%3A%2F%2Fes.wikipedia.org%2Fwiki%2FCiencia	Acortador de URL - Wikipedia, la enciclopedia libre	Generate short URLs and QR codes.
https://es.wikipedia.org/w/index.php?title=Ciencia&amp;useparsoid=0	Ciencia - Wikipedia, la enciclopedia libre	La ciencia es una disciplina sistemática que construye y organiza conocimiento en forma de hipótesis y predicciones comprobables sobre el universo.[1][2][3] La ciencia moderna se divide típicamente en dos o tres ramas principales:[4] las ciencias naturales (por ejemplo, física...
https://es.wikipedia.org/w/index.php?title=Especial:Libro&amp;bookcmd=book_creator&amp;referer=Ciencia	Gestionar tu libro - Wikipedia, la enciclopedia libre	Aunque la representación en PDF del Creador de libros está desactivada, se puede utilizar la opción Descargar como PDF en la barra lateral para artículos individuales.
https://es.wikipedia.org/w/index.php?title=Especial:DownloadAsPdf&amp;page=Ciencia&amp;action=show-download-screen	Página no válida - Wikipedia, la enciclopedia libre	La página especificada no es válida.
https://es.wikipedia.org/w/index.php?title=Ciencia&amp;printable=yes	Ciencia - Wikipedia, la enciclopedia libre	La ciencia es una disciplina sistemática que construye y organiza conocimiento en forma de hipótesis y predicciones comprobables sobre el universo.[1][2][3] La ciencia moderna se divide típicamente en dos o tres ramas principales:[4] las ciencias naturales (por ejemplo, física...
https://commons.wikimedia.org/wiki/Science	Science - Wikimedia Commons	Cite error: &lt;ref&gt; tags exist for a group named "lower-alpha", but no corresponding &lt;references group="lower-alpha"/&gt; tag was found
https://es.wikiquote.org/wiki/Ciencia	Ciencia - Wikiquote	La ciencia es el «conjunto de conocimientos obtenidos mediante la observación y el razonamiento, sistemáticamente estructurados y de los que se deducen principios y leyes generales con capacidad predictiva y comprobables experimentalmente». También se usa como sinónimo de «sab...
https://es.wikiversity.org/wiki/Categor%C3%ADa:Ciencias	Categoría:Ciencias - Wikiversidad	Esta categoría contiene las siguientes 3 subcategorías, de un total de 3.
https://es.wikipedia.org/wiki/Portal:Ciencia	Portal:Ciencia - Wikipedia, la enciclopedia libre	La ciencia es una disciplina sistemática que construye y organiza conocimiento en forma de hipótesis y predicciones comprobables sobre el universo. La ciencia moderna se divide típicamente en dos o tres ramas principales: las ciencias naturales (por ejemplo, física, química y ...
https://es.wikipedia.org/wiki/Archivo:Researchers_in_laboratory.jpg	Archivo:Researchers in laboratory.jpg - Wikipedia, la enciclopedia libre	This tag does not indicate the copyright status of the attached work. A normal copyright tag is still required. See Commons:Licensing.
https://es.wikipedia.org/wiki/Archivo:Laser_Towards_Milky_Ways_Centre.jpg	Archivo:Laser Towards Milky Ways Centre.jpg - Wikipedia, la enciclopedia libre	Yepuns Laserstrahl durchquert den südlichen Himmel und erzeugt einen künstlichen Stern in 90&nbsp;km Höhe in der Mesosphäre der Erde. Der Laser-Leitstern (LGS) ist ein Teil der adaptiven Optik des VLT und wird als Referenz zur Korrektur der durch die Atmosphäre verursachten Un...
https://es.wikipedia.org/wiki/Archivo:E._coli_Bacteria_(7316101966).jpg	Archivo:E. coli Bacteria (7316101966).jpg - Wikipedia, la enciclopedia libre	3 de mayo de 2015
https://es.wikipedia.org/wiki/Archivo:Hydrogen_Density_Plots.png	Archivo:Hydrogen Density Plots.png - Wikipedia, la enciclopedia libre	the English language Wikipedia (log). Original text: I created this work entirely by myself. References:
https://es.wikipedia.org/wiki/Observatorio_Paranal	Observatorio Paranal - Wikipedia, la enciclopedia libre	El Observatorio Paranal es un observatorio astronómico óptico operado por el Observatorio Europeo Austral, ubicado en la comuna de Taltal, región de Antofagasta, Chile.
https://es.wikipedia.org/wiki/Vía_Láctea	Vía Láctea — Conocimiento e Información	Artículo indexado sobre Vía Láctea en el dominio es.wikipedia.org. Incluye documentación, recursos y análisis.
https://es.wikipedia.org/wiki/Escherichia_coli	Escherichia coli - Wikipedia, la enciclopedia libre	Bacterium coli commune Escherich 1885[1][2]
https://es.wikipedia.org/wiki/Funciones_de_onda	Función de onda - Wikipedia, la enciclopedia libre	En mecánica cuántica una función de onda ψ ( x , t ) {\\displaystyle \\psi (\\mathbf {x} ,t)} es una forma de representar el estado físico de un sistema de partículas. Usualmente es una función compleja, de cuadrado integrable y univaluada, de las coordenadas espaciales de cada u...
https://es.wikipedia.org/wiki/Hidrógeno	Hidrógeno — Conocimiento e Información	Artículo indexado sobre Hidrógeno en el dominio es.wikipedia.org. Incluye documentación, recursos y análisis.
https://es.wikipedia.org/wiki/Método_científico	Método científico — Conocimiento e Información	Artículo indexado sobre Método científico en el dominio es.wikipedia.org. Incluye documentación, recursos y análisis.
https://es.wikipedia.org/wiki/Conocimiento	Conocimiento - Wikipedia, la enciclopedia libre	El conocimiento es la familiaridad, la consciencia o la comprensión de alguien o de algo, como pueden ser los hechos (conocimiento descriptivo), las habilidades (conocimiento procedimental) o los objetos (conocimiento por familiaridad). En la mayoría de los casos, el conocimie...
https://es.wikipedia.org/wiki/Hipótesis_(método_científico)	Hipótesis (método científico) — Conocimiento e Información	Artículo indexado sobre Hipótesis (método científico) en el dominio es.wikipedia.org. Incluye documentación, recursos y análisis.
https://es.wikipedia.org/wiki/Predicción	Predicción — Conocimiento e Información	Artículo indexado sobre Predicción en el dominio es.wikipedia.org. Incluye documentación, recursos y análisis.
https://es.wikipedia.org/wiki/Universo	Universo - Wikipedia, la enciclopedia libre	El universo es el conjunto de todas las entidades físicamente detectables que interactúan entre ellas dentro del espacio-tiempo de acuerdo a las diversas leyes físicas definidas. Sin embargo, el término también se utiliza informalmente en sentidos contextuales ligeramente dife...
https://es.wikipedia.org/wiki/Ciencias_naturales	Ciencias naturales - Wikipedia, la enciclopedia libre	Ciencias naturales - Wikipedia, la enciclopedia libre
https://es.wikipedia.org/wiki/Física	Física — Conocimiento e Información	Artículo indexado sobre Física en el dominio es.wikipedia.org. Incluye documentación, recursos y análisis.
https://es.wikipedia.org/wiki/Química	Química — Conocimiento e Información	Artículo indexado sobre Química en el dominio es.wikipedia.org. Incluye documentación, recursos y análisis.
https://es.wikipedia.org/wiki/Biología	Biología — Conocimiento e Información	Artículo indexado sobre Biología en el dominio es.wikipedia.org. Incluye documentación, recursos y análisis.
https://es.wikipedia.org/wiki/Ciencias_sociales	Ciencias sociales - Wikipedia, la enciclopedia libre	Ciencias sociales - Wikipedia, la enciclopedia libre
https://es.wikipedia.org/wiki/Economía	Economía — Conocimiento e Información	Artículo indexado sobre Economía en el dominio es.wikipedia.org. Incluye documentación, recursos y análisis.
https://es.wikipedia.org/wiki/Psicología	Psicología — Conocimiento e Información	Artículo indexado sobre Psicología en el dominio es.wikipedia.org. Incluye documentación, recursos y análisis.
https://es.wikipedia.org/wiki/Sociología	Sociología — Conocimiento e Información	Artículo indexado sobre Sociología en el dominio es.wikipedia.org. Incluye documentación, recursos y análisis.
https://es.wikipedia.org/wiki/Individuo	Individuo - Wikipedia, la enciclopedia libre	Individuo, que proviene del latín individŭus (‘indivisible’ o que no se puede dividir),[1] se refiere a una unidad frente a otras unidades dentro de un mismo sistema.
https://es.wikipedia.org/wiki/Sociedad	Sociedad - Wikipedia, la enciclopedia libre	El término sociedad (del latín societas) se refiere a un concepto polisémico que designa a un tipo particular de agrupación de individuos que se produce tanto entre los humanos (sociedad humana o sociedades humanas, en plural) como entre algunos animales (sociedades animales)....
https://es.wikipedia.org/wiki/Ciencias_formales	Ciencias formales - Wikipedia, la enciclopedia libre	Las ciencias formales son un conjunto de ciencias que estudian los lenguajes formales y los sistemas formales. Se consideran ciencias puras la matemática, la lógica, la estadística y, recientemente, la ciencia de computación. Si bien su objeto de estudio no es el mundo físico ...
https://es.wikipedia.org/wiki/Lógica	Lógica — Conocimiento e Información	Artículo indexado sobre Lógica en el dominio es.wikipedia.org. Incluye documentación, recursos y análisis.
https://es.wikipedia.org/wiki/Matemáticas	Matemáticas — Conocimiento e Información	Artículo indexado sobre Matemáticas en el dominio es.wikipedia.org. Incluye documentación, recursos y análisis.
https://es.wikipedia.org/wiki/Ciencia_computacional_teórica	Ciencia computacional teórica — Conocimiento e Información	Artículo indexado sobre Ciencia computacional teórica en el dominio es.wikipedia.org. Incluye documentación, recursos y análisis.
https://es.wikipedia.org/wiki/Axioma	Axioma - Wikipedia, la enciclopedia libre	Axioma es una proposición tan clara y evidente que se admite sin demostración.[1] Aplicado en matemáticas y otras ciencias, es cada uno de los principios indemostrables sobre los que, por medio de un razonamiento deductivo, se construye una teoría.[1]
https://es.wikipedia.org/wiki/Razonamiento_deductivo	Razonamiento deductivo - Wikipedia, la enciclopedia libre	El razonamiento deductivo o deducción es el proceso lógico que consiste en obtener inferencias deductivas. Una inferencia es deductivamente válida si su conclusión se sigue lógicamente de sus premisas, es decir, si es imposible que las premisas sean verdaderas y la conclusión ...
https://es.wikipedia.org/wiki/Evidencia_empírica	Evidencia empírica — Conocimiento e Información	Artículo indexado sobre Evidencia empírica en el dominio es.wikipedia.org. Incluye documentación, recursos y análisis.
https://es.wikipedia.org/wiki/Ciencias_aplicadas	Ciencias aplicadas - Wikipedia, la enciclopedia libre	Las ciencia aplicadas aplican el método científico y el conocimiento científico de una o varias ramas de la ciencia para alcanzar objetivos prácticos. Abarca una amplia gama de disciplinas, como las subramas de ingeniería y medicina. A menudo se contrasta con la ciencia básica...
https://es.wikipedia.org/wiki/Ingeniería	Ingeniería — Conocimiento e Información	Artículo indexado sobre Ingeniería en el dominio es.wikipedia.org. Incluye documentación, recursos y análisis.
https://es.wikipedia.org/wiki/Medicina	Medicina - Wikipedia, la enciclopedia libre	La medicina (del latín medicīna, derivado de medĭcus [«médico»], y este a su vez del verbo medēri [«cuidar» o «curar»], el cual proviene de la raíz protoindoeuropea *med-, cuyo significado original era «medir», «evaluar» o «tomar la medida justa»)[1][2] es la ciencia de la sal...
https://es.wikipedia.org/wiki/Historia_de_la_ciencia	Historia de la ciencia - Wikipedia, la enciclopedia libre	La historia de la ciencia documenta el desarrollo histórico de la ciencia, la técnica y la tecnología, así como la interrelación que han tenido las tres entre sí y con el resto de los aspectos de la cultura a nivel mundial, como son la economía, la sociedad, la política, la re...
https://es.wikipedia.org/wiki/Edad_del_Bronce	Edad del Bronce - Wikipedia, la enciclopedia libre	La Edad del Bronce es el período de la historia en el que se desarrolló la metalurgia del bronce, resultado de la aleación de cobre con estaño. El término, que acuñó en 1820 el arqueólogo danés Christian Jürgensen Thomsen para clasificar en tres edades las colecciones de la Co...
https://es.wikipedia.org/wiki/Antiguo_Egipto	Antiguo Egipto - Wikipedia, la enciclopedia libre	El Antiguo Egipto (en egipcio: Kumat; jeroglíficos: 𓆎𓅓𓏏𓊖) fue una civilización de la Antigüedad que se originó a lo largo del cauce medio y bajo del río Nilo y cuya historia abarca más de 3181 años (solamente superada por la maya, con 3697 años).
https://es.wikipedia.org/wiki/Mesopotamia	Mesopotamia - Wikipedia, la enciclopedia libre	Mesopotamia, o específicamente Antigua Mesopotamia, es el nombre por el cual se conoce a la región histórica del oriente próximo ubicada entre los ríos Tigris y Éufrates, si bien se extiende a las zonas fértiles contiguas a la franja entre ambos ríos, y que coincide aproximada...
https://es.wikipedia.org/wiki/Astronomía	Astronomía — Conocimiento e Información	Artículo indexado sobre Astronomía en el dominio es.wikipedia.org. Incluye documentación, recursos y análisis.
https://es.wikipedia.org/wiki/Filosofía_de_la_naturaleza	Filosofía de la naturaleza — Conocimiento e Información	Artículo indexado sobre Filosofía de la naturaleza en el dominio es.wikipedia.org. Incluye documentación, recursos y análisis.
https://es.wikipedia.org/wiki/Antigüedad_clásica	Antigüedad clásica — Conocimiento e Información	Artículo indexado sobre Antigüedad clásica en el dominio es.wikipedia.org. Incluye documentación, recursos y análisis.
https://es.wikipedia.org/wiki/Caída_del_Imperio_romano_de_Occidente	Caída del Imperio romano de Occidente — Conocimiento e Información	Artículo indexado sobre Caída del Imperio romano de Occidente en el dominio es.wikipedia.org. Incluye documentación, recursos y análisis.
https://es.wikipedia.org/wiki/Alta_Edad_Media	Alta Edad Media - Wikipedia, la enciclopedia libre	La Alta Edad Media es el período de la historia de Europa y Oriente Medio que comienza en el siglo V y termina en el siglo X, distinguiéndose así este periodo de los siguientes, conocidos como Plena Edad Media (s. XI-XIII) y Baja Edad Media (s. XIV-XV).
https://es.wikipedia.org/wiki/Renacimiento_carolingio	Renacimiento carolingio - Wikipedia, la enciclopedia libre	El Renacimiento carolingio es la denominación acuñada por el filólogo e historiador Jean-Jacques Ampère en 1832[1] para designar, por comparación con el Renacimiento italiano de los siglos XV y XVI, al periodo de resurgimiento cultural que se dio en el ámbito del Imperio carol...
https://es.wikipedia.org/wiki/Renacimiento_otoniano	Renacimiento otoniano - Wikipedia, la enciclopedia libre	El renacimiento otoniano, también calificado como renacimiento o renovación del siglo X o del año mil, fue un período medieval de renovación cultural del Occidente cristiano que se extendió desde el principio del siglo X hasta alrededor del año 1030.
https://es.wikipedia.org/wiki/Renacimiento_del_siglo_XII	Renacimiento del siglo XII - Wikipedia, la enciclopedia libre	El Renacimiento del siglo XII hace referencia a la serie de cambios económicos, sociales, políticos, ideológicos y culturales que afrontó Europa durante el siglo XII. Tales cambios tendían a cuestionar el viejo orden agrario y rural del feudalismo como consecuencia de la irrup...
https://es.wikipedia.org/wiki/Edad_de_Oro_del_islam	Edad de Oro del islam - Wikipedia, la enciclopedia libre	La Edad de Oro del islam (en árabe: العصر الذهبي للإسلام‎, lit. 'Al-’Asr al-Dhahabi li-l-Islam'), también conocida como Renacimiento islámico[1] se empieza comúnmente a partir del siglo VIII hasta el siglo XIII,[2] si bien algunos la extienden hasta el siglo XIV o XV.[3] Duran...
https://es.wikipedia.org/wiki/Imperio_bizantino	Imperio bizantino - Wikipedia, la enciclopedia libre	El Imperio romano de Oriente, conocido historiográficamente como Imperio bizantino o Bizancio[c], y denominado en sus últimas décadas por fuentes del mundo cristiano occidental e islámico como Romania, fue la continuidad oriental del Imperio romano desde el año 395 hasta la ca...
https://es.wikipedia.org/wiki/Renacimiento	Renacimiento - Wikipedia, la enciclopedia libre	Renacimiento es el nombre dado en el siglo XIX a un amplio movimiento cultural que se produjo en Europa Occidental durante los siglos XV y XVI.[1] Fue un periodo de transición entre la Edad Media y los inicios de la Edad Moderna. Sus principales exponentes se hallan en el camp...
https://es.wikipedia.org/wiki/Revolución_científica	Revolución científica — Conocimiento e Información	Artículo indexado sobre Revolución científica en el dominio es.wikipedia.org. Incluye documentación, recursos y análisis.
https://es.wikipedia.org/wiki/Instituto_de_investigación	Instituto de investigación — Conocimiento e Información	Artículo indexado sobre Instituto de investigación en el dominio es.wikipedia.org. Incluye documentación, recursos y análisis.
https://es.wikipedia.org/wiki/Investigación_e_Innovación_Responsable	Investigación e Innovación Responsable — Conocimiento e Información	Artículo indexado sobre Investigación e Innovación Responsable en el dominio es.wikipedia.org. Incluye documentación, recursos y análisis.
https://es.wikipedia.org/wiki/Edad_Media	Edad Media - Wikipedia, la enciclopedia libre	La Edad Media o el Medievo[1] es el período histórico de la civilización occidental comprendido entre los siglos v y xv, sucesor de la Edad Antigua y predecesor de la Edad Moderna. Convencionalmente, su inicio se sitúa en el año 476 con la caída del Imperio romano de Occidente...
https://es.wikipedia.org/wiki/Archivo:Divinatory_livers_Louvre_AO19837.jpg	Archivo:Divinatory livers Louvre AO19837.jpg - Wikipedia, la enciclopedia libre	Haz clic sobre una fecha y hora para ver el archivo tal como apareció en ese momento.
https://es.wikipedia.org/wiki/Cerámica	Cerámica — Conocimiento e Información	Artículo indexado sobre Cerámica en el dominio es.wikipedia.org. Incluye documentación, recursos y análisis.
https://es.wikipedia.org/wiki/Loza	Loza - Wikipedia, la enciclopedia libre	El uso popular del término loza se aplica o se refiere a la mayoría de los objetos que conforman la vajilla doméstica, cuyo material original es el barro cocido. Pueden distinguirse dos tipos genéricos: la loza monocroma (por lo general blanca), y la loza decorada.
https://es.wikipedia.org/wiki/Yeso_de_cal?action=edit&amp;redlink=1	Creación de «Yeso de cal» - Wikipedia, la enciclopedia libre	&#160;
https://es.wikipedia.org/wiki/Fisiología	Fisiología — Conocimiento e Información	Artículo indexado sobre Fisiología en el dominio es.wikipedia.org. Incluye documentación, recursos y análisis.
https://es.wikipedia.org/wiki/Anatomía	Anatomía — Conocimiento e Información	Artículo indexado sobre Anatomía en el dominio es.wikipedia.org. Incluye documentación, recursos y análisis.
https://es.wikipedia.org/wiki/Etología	Etología — Conocimiento e Información	Artículo indexado sobre Etología en el dominio es.wikipedia.org. Incluye documentación, recursos y análisis.
https://es.wikipedia.org/wiki/Adivinación	Adivinación — Conocimiento e Información	Artículo indexado sobre Adivinación en el dominio es.wikipedia.org. Incluye documentación, recursos y análisis.
https://es.wikipedia.org/wiki/Astrología	Astrología — Conocimiento e Información	Artículo indexado sobre Astrología en el dominio es.wikipedia.org. Incluye documentación, recursos y análisis.
https://es.wikipedia.org/wiki/Lengua_sumeria	Idioma sumerio - Wikipedia, la enciclopedia libre	El sumerio (𒅴𒂠 emeŋir) fue la lengua de la antigua Sumeria, que se habló en el sur de Mesopotamia desde por lo menos el IV milenio a. C. Fue gradualmente reemplazada por el acadio como lengua hablada hacia el siglo XIX a. C., pero continuó en uso como lengua sagrada y de emple...
https://es.wikipedia.org/wiki/Tercera_Dinastía_de_Ur	Tercera Dinastía de Ur — Conocimiento e Información	Artículo indexado sobre Tercera Dinastía de Ur en el dominio es.wikipedia.org. Incluye documentación, recursos y análisis.
https://es.wikipedia.org/wiki/Circa	Circa - Wikipedia, la enciclopedia libre	Circa (del latín circa, ‘alrededor de’),[1] abreviado como c. o ca.,[2][3][4][5] significa ‘hacia’ o ‘alrededor de’.[6] Se usa en la bibliografía científica para expresar que, aunque se carece de la certeza necesaria para proporcionar un valor único, existen otros datos fehaci...
https://es.wikipedia.org/wiki/Científico	Científico — Conocimiento e Información	Artículo indexado sobre Científico en el dominio es.wikipedia.org. Incluye documentación, recursos y análisis.
https://es.wikipedia.org/wiki/Concepto	Concepto - Wikipedia, la enciclopedia libre	Los conceptos (del latín: conceptus[1]) «son las unidades más básicas de toda forma de conocimiento humano»;[2] por medio de las cuales comprendemos las cosas. Son captaciones de la realidad (realismo) o, por contrario, construcciones o autoproyecciones mentales (constructivis...
https://es.wikipedia.org/wiki/Naturaleza	Naturaleza - Wikipedia, la enciclopedia libre	La naturaleza es un concepto utilizado para referirse al mundo material o universo material, incluyendo los fenómenos del mundo físico, la materia inerte generada como parte de procesos sin la intervención humana, y al fenómeno de la vida, que incluye también a los humanos.[1]...
https://es.wikipedia.org/wiki/Griego_antiguo	Griego antiguo - Wikipedia, la enciclopedia libre	Lengua muerta
https://es.wikipedia.org/wiki/Physis	Physis - Wikipedia, la enciclopedia libre	Fusis, Phusis o Physis (transliteraciones al castellano del griego antiguo Φύσις) es la palabra griega que se traduce por naturaleza y que procede del verbo phyo φύω que significa "crecer" o "brotar".
https://es.wikipedia.org/wiki/Filósofos_presocráticos	Filósofos presocráticos — Conocimiento e Información	Artículo indexado sobre Filósofos presocráticos en el dominio es.wikipedia.org. Incluye documentación, recursos y análisis.
https://es.wikipedia.org/wiki/Filosofía_natural	Filosofía natural — Conocimiento e Información	Artículo indexado sobre Filosofía natural en el dominio es.wikipedia.org. Incluye documentación, recursos y análisis.
https://es.wikipedia.org/wiki/Ciencia_natural	Ciencias naturales - Wikipedia, la enciclopedia libre	Ciencias naturales - Wikipedia, la enciclopedia libre
https://es.wikipedia.org/wiki/Filosofía	Filosofía — Conocimiento e Información	Artículo indexado sobre Filosofía en el dominio es.wikipedia.org. Incluye documentación, recursos y análisis.
https://es.wikipedia.org/wiki/Teóricos	Teóricos — Conocimiento e Información	Artículo indexado sobre Teóricos en el dominio es.wikipedia.org. Incluye documentación, recursos y análisis.
https://es.wikipedia.org/wiki/Tecnología	Tecnología — Conocimiento e Información	Artículo indexado sobre Tecnología en el dominio es.wikipedia.org. Incluye documentación, recursos y análisis.
https://es.wikipedia.org/wiki/Artesanos	Artesano - Wikipedia, la enciclopedia libre	Un artesano[1][2] es la persona que realiza objetos artesanales o artesanías. Los artesanos realizan su trabajo a mano o con distintos instrumentos propios de manualidades, por lo que hay que tener cierta destreza y habilidad para realizar su trabajo. Pueden trabajar solos o j...
https://es.wikipedia.org/wiki/Social	Sociedad - Wikipedia, la enciclopedia libre	El término sociedad (del latín societas) se refiere a un concepto polisémico que designa a un tipo particular de agrupación de individuos que se produce tanto entre los humanos (sociedad humana o sociedades humanas, en plural) como entre algunos animales (sociedades animales)....
https://es.wikipedia.org/wiki/Archivo:Ptolemaicsystem-small.png	Archivo:Ptolemaicsystem-small.png - Wikipedia, la enciclopedia libre	From Petrus Apianus; Gemma Frisius (1539) Petri Apiani cosmographia, per Gemmam Phrysium, apud Louanienses medicum ac mathematicum insignem, restituta: additis de adem re ipsius Gemmae Phry. libellis, ut sequens pagina docet, Antwerp: In pingui gallina Arnoldo Berckma[n]no [Ar...
https://es.wikipedia.org/wiki/Aristóteles	Aristóteles — Conocimiento e Información	Artículo indexado sobre Aristóteles en el dominio es.wikipedia.org. Incluye documentación, recursos y análisis.
https://es.wikipedia.org/wiki/Claudio_Ptolomeo	Claudio Ptolomeo - Wikipedia, la enciclopedia libre	Claudio Ptolomeo o Claudio Tolomeo (en latín, Claudius Ptolemaeus, y en griego, Κλαύδιος Πτολεμαῖος [Klaudios Ptolemaios]; Ptolemaida Hermia, c. 100 d. C.-Canopo, c. 170 d. C.) fue un astrónomo, astrólogo, químico, geógrafo, teórico musical y matemático alejandrino de ascenden...
https://es.wikipedia.org/wiki/Petrus_Apianus	Pedro Apiano - Wikipedia, la enciclopedia libre	Pedro Apiano (Leisnig, Alemania, 16 de abril de 1495-Ingolstadt, Alemania, 21 de abril de 1552), cuyo nombre en alemán era Peter Bienewitz o Bennewitz, fue un humanista alemán conocido por sus importantes trabajos en matemáticas, astronomía y cartografía. Fue nombrado matemáti...
https://es.wikipedia.org/wiki/Filosofía_de_la_Antigua_Grecia	Filosofía de la Antigua Grecia — Conocimiento e Información	Artículo indexado sobre Filosofía de la Antigua Grecia en el dominio es.wikipedia.org. Incluye documentación, recursos y análisis.
https://es.wikipedia.org/wiki/Escuela_milesiana	Tales de Mileto - Wikipedia, la enciclopedia libre	Tales de Mileto - Wikipedia, la enciclopedia libre
https://es.wikipedia.org/wiki/Tales_de_Mileto	Tales de Mileto - Wikipedia, la enciclopedia libre	Tales de Mileto - Wikipedia, la enciclopedia libre
https://es.wikipedia.org/wiki/Anaximandro	Anaximandro - Wikipedia, la enciclopedia libre	Anaximandro - Wikipedia, la enciclopedia libre
https://es.wikipedia.org/wiki/Anaxímenes_de_Mileto	Anaxímenes de Mileto — Conocimiento e Información	Artículo indexado sobre Anaxímenes de Mileto en el dominio es.wikipedia.org. Incluye documentación, recursos y análisis.
https://es.wikipedia.org/wiki/Lista_de_fenómenos_naturales	Lista de fenómenos naturales — Conocimiento e Información	Artículo indexado sobre Lista de fenómenos naturales en el dominio es.wikipedia.org. Incluye documentación, recursos y análisis.
https://es.wikipedia.org/wiki/Sobrenatural	Sobrenatural - Wikipedia, la enciclopedia libre	El término sobrenatural (también supernatural) (del latín supernaturāle) se utiliza para referirse a aquellos fenómenos que supuestamente exceden o están más allá de lo que se entiende como natural o que se cree existe fuera de las leyes de la naturaleza.[1] La ciencia limita ...
https://es.wikipedia.org/wiki/Pitagorismo	Pitagóricos - Wikipedia, la enciclopedia libre	El pitagorismo fue un movimiento filosófico-religioso de mediados del siglo VI a. C. fundado por Pitágoras de Samos, siendo ésta la razón por la cual sus seguidores recibían el nombre pitagóricos. Estos formaban la escuela pitagórica,[1] agrupación o secta[2] conformada por as...
https://es.wikipedia.org/wiki/Atomismo	Atomismo - Wikipedia, la enciclopedia libre	El atomismo es una teoría filosófica que apareció en la Antigua Grecia durante el siglo V a. C. y en la India —aunque tal vez surgiera mucho antes (Mosco de Sidón)—, según la cual el universo está constituido por combinaciones de pequeñas partículas indivisibles denominadas át...
https://es.wikipedia.org/wiki/Leucipo_de_Mileto	Leucipo de Mileto - Wikipedia, la enciclopedia libre	Leucipo de Mileto fue un filósofo griego presocrático (Mileto, Jonia) del siglo V a. C. fundador del atomismo. Se trasladó a Elea, donde habría sido discípulo de Zenón y maestro de Demócrito.[1]
https://es.wikipedia.org/wiki/Demócrito	Demócrito — Conocimiento e Información	Artículo indexado sobre Demócrito en el dominio es.wikipedia.org. Incluye documentación, recursos y análisis.
https://es.wikipedia.org/wiki/Hipócrates	Hipócrates — Conocimiento e Información	Artículo indexado sobre Hipócrates en el dominio es.wikipedia.org. Incluye documentación, recursos y análisis.
https://es.wikipedia.org/wiki/Lista_de_personas_consideradas_padre_o_madre_de_un_campo_científico?action=edit&amp;redlink=1	Lista de personas consideradas padre o madre de un campo científico — Conocimiento e Información	Artículo indexado sobre Lista de personas consideradas padre o madre de un campo científico en el dominio es.wikipedia.org. Incluye documentación, recursos y análisis.
https://es.wikipedia.org/wiki/Sócrates	Sócrates — Conocimiento e Información	Artículo indexado sobre Sócrates en el dominio es.wikipedia.org. Incluye documentación, recursos y análisis.
https://es.wikipedia.org/wiki/Método_socrático	Método socrático — Conocimiento e Información	Artículo indexado sobre Método socrático en el dominio es.wikipedia.org. Incluye documentación, recursos y análisis.
https://es.wikipedia.org/wiki/Platón	Platón — Conocimiento e Información	Artículo indexado sobre Platón en el dominio es.wikipedia.org. Incluye documentación, recursos y análisis.
https://es.wikipedia.org/wiki/Dialéctico	Dialéctico — Conocimiento e Información	Artículo indexado sobre Dialéctico en el dominio es.wikipedia.org. Incluye documentación, recursos y análisis.
https://es.wikipedia.org/wiki/Sofistas	Sofista - Wikipedia, la enciclopedia libre	Los sofistas (del griego σοφία [sophía], y σοφός [sophós], «sabio») eran estudiantes y maestros de retórica, que desarrollaron su actividad en la Atenas democrática del siglo V y IV a. C. Se enfocaban en el relativismo, la naturaleza, creación de leyes, la moralidad, conocimie...
https://es.wikipedia.org/wiki/Retórica	Retórica — Conocimiento e Información	Artículo indexado sobre Retórica en el dominio es.wikipedia.org. Incluye documentación, recursos y análisis.
https://es.wikipedia.org/wiki/Teleológica	Teleológica — Conocimiento e Información	Artículo indexado sobre Teleológica en el dominio es.wikipedia.org. Incluye documentación, recursos y análisis.
https://es.wikipedia.org/wiki/Causa_formal?action=edit&amp;redlink=1	Creación de «Causa formal» - Wikipedia, la enciclopedia libre	&#160;
https://es.wikipedia.org/wiki/Causa_final?action=edit&amp;redlink=1	Creación de «Causa final» - Wikipedia, la enciclopedia libre	&#160;
https://es.wikipedia.org/wiki/Impulsor_inmóvil?action=edit&amp;redlink=1	Impulsor inmóvil — Conocimiento e Información	Artículo indexado sobre Impulsor inmóvil en el dominio es.wikipedia.org. Incluye documentación, recursos y análisis.
https://es.wikipedia.org/wiki/Ética	Ética — Conocimiento e Información	Artículo indexado sobre Ética en el dominio es.wikipedia.org. Incluye documentación, recursos y análisis.
https://es.wikipedia.org/wiki/Filosofía_política	Filosofía política — Conocimiento e Información	Artículo indexado sobre Filosofía política en el dominio es.wikipedia.org. Incluye documentación, recursos y análisis.
https://es.wikipedia.org/wiki/Aristarco_de_Samos	Aristarco de Samos - Wikipedia, la enciclopedia libre	Aristarco de Samos (en griego antiguo: Ἀρίσταρχος ὁ Σάμιος, Arístarkhos ho Sámios; en latín: Aristarchus; c. 310 a. C.-c. 230 a. C.) fue un astrónomo y matemático griego, nacido en Samos, Grecia.[1] Fue la primera persona conocida que propuso el modelo heliocéntrico del sistem...
https://es.wikipedia.org/wiki/Heliocentrismo	Teoría heliocéntrica - Wikipedia, la enciclopedia libre	El heliocentrismo (del griego: ἥλιος-helios «Sol» y κέντρον-kentron «centro») es un modelo astronómico según el cual la Tierra y los planetas se mueven alrededor del Sol relativamente estacionario y que está en el centro del universo. Históricamente, el heliocentrismo se oponí...
https://es.wikipedia.org/wiki/Sol	Sol - Wikipedia, la enciclopedia libre	El Sol (del latín sol, solis, ‘dios Sol invictus’ o ‘sol’, a su vez de la raíz protoindoeuropea sauel, ‘luz’)[4] es una estrella de tipo-G de la secuencia principal y clase de luminosidad V que se encuentra en el centro del sistema solar y constituye la mayor fuente de radiaci...
https://es.wikipedia.org/wiki/Arquímedes	Arquímedes — Conocimiento e Información	Artículo indexado sobre Arquímedes en el dominio es.wikipedia.org. Incluye documentación, recursos y análisis.
https://es.wikipedia.org/wiki/Cálculo	Cálculo — Conocimiento e Información	Artículo indexado sobre Cálculo en el dominio es.wikipedia.org. Incluye documentación, recursos y análisis.
https://es.wikipedia.org/wiki/Plinio_el_Viejo	Plinio el Viejo - Wikipedia, la enciclopedia libre	Gayo o Cayo Plinio Segundo&apos;&apos;PIR&apos;&apos;² P 0493.&lt;/ref>"}},"i":0}}]}'>[a] (Comum, c. 23-Estabia, 25 de agosto de 79)[2] fue un escritor y militar romano del siglo I, conocido por el nombre de Plinio el Viejo para diferenciarlo de su sobrino e hijo adoptivo Plin...
https://es.wikipedia.org/wiki/Historia_Natural_(Plinio)	Historia natural (Plinio el Viejo) - Wikipedia, la enciclopedia libre	Historia natural [a] es una enciclopedia escrita en latín por el procurador imperial romano Plinio el Viejo, obra que pretendía abarcar todo el conocimiento que en ese momento se tenía. Es una de las mayores obras individuales que sobreviven del Imperio romano en nuestros días...
https://es.wikipedia.org/wiki/Teofrasto	Teofrasto - Wikipedia, la enciclopedia libre	Teofrasto (en griego antiguo: Θεόφραστος, Theóphrastos; Ereso, isla de Lesbos, ca. 371 a. C. – ca. 287 a. C.)[1] fue un filósofo y botánico griego. Marchó a Atenas a una edad temprana, e inicialmente estudió en la escuela de Platón. Después de la muerte de Platón se relacionó ...
https://es.wikipedia.org/wiki/Euclides	Euclides - Wikipedia, la enciclopedia libre	Euclides (en griego Εὐκλείδης, Eukleidēs, latín Euclīdēs) fue un matemático y geómetra griego (ca. 325 a. C.-ca. 265 a. C.).[1] Se le conoce como «el padre de la geometría».[2] Desarrolló su trabajo en Alejandría (antiguo Egipto) en tiempos de Ptolomeo I Sóter (323 – 283 a. C....
https://es.wikipedia.org/wiki/Herófilo	Herófilo — Conocimiento e Información	Artículo indexado sobre Herófilo en el dominio es.wikipedia.org. Incluye documentación, recursos y análisis.
https://es.wikipedia.org/wiki/Hiparco_de_Nicea	Hiparco de Nicea - Wikipedia, la enciclopedia libre	Hiparco de Nicea (griego antiguo: Ίππαρχος ὁ Νικαεύς, Hípparkhos ho Nikaéus; latín: Hipparchus Nicaeensis), también conocido como Hiparco de Rodas (Ίππαρχος ὁ Ρόδιος, Hípparkhos ho Ródios; Hipparchus Rodiensis) (Nicea, c. 190 a. C.-Rodas, c. 120 a. C.), fue un astrónomo, geógr...
https://es.wikipedia.org/wiki/Galeno	Galeno - Wikipedia, la enciclopedia libre	Claudio Galeno Nicon de Pérgamo (en griego antiguo: Γαληνός, Galēnos; Pérgamo, 129-Roma, c. 201/216), más conocido como Galeno, fue un médico, cirujano y filósofo griego del Imperio romano.[1][2][3] Considerado uno de los más completos investigadores médicos de la Edad Antigua...
https://es.wikipedia.org/wiki/Ramas_de_la_ciencia	Ramas de la ciencia - Wikipedia, la enciclopedia libre	Las ramas de la ciencia, disciplinas científicas, o simplemente ciencias, se suelen dividir en tres grupos: ciencias formales, ciencias naturales, y ciencias humanas o ciencias sociales. Estas conforman las ciencias básicas, sobre las que se apoyan las ciencias aplicadas como ...
https://es.wikipedia.org/w/index.php?title=Ramas_de_la_ciencia&amp;action=edit	Ramas de la ciencia - Wikipedia, la enciclopedia libre	Las ramas de la ciencia, disciplinas científicas, o simplemente ciencias, se suelen dividir en tres grupos: ciencias formales, ciencias naturales, y ciencias humanas o ciencias sociales. Estas conforman las ciencias básicas, sobre las que se apoyan las ciencias aplicadas como ...
https://es.wikipedia.org/wiki/Archivo:ToK_Simple.jpg	Archivo:ToK Simple.jpg - Wikipedia, la enciclopedia libre	Source = self-made Date = created February 2, 2005 Author = Gregg Henriques
https://es.wikipedia.org/wiki/Gregg_Henriques	Gregg Henriques - Wikipedia, la enciclopedia libre	Gregg R. Henriques,[1][2] Ph.D. (doctor en filosofía), es un profesor adjunto en el programa integrado de doctorado de la James Madison University,[3] en Harrisonburg, Virginia, Estados Unidos.[4]
https://es.wikipedia.org/wiki/Ciencias_humanas	Ciencias humanas - Wikipedia, la enciclopedia libre	Ciencias humanas es un concepto epistemológico que designa a un extenso grupo de ciencias y disciplinas cuyo objeto es el ser humano en el aspecto de sus manifestaciones inherentemente humanas, esto es el lenguaje verbal en primer término,[1] el arte y el pensamiento y, en gen...
https://es.wikipedia.org/wiki/Ciencia_básica	Ciencia básica — Conocimiento e Información	Artículo indexado sobre Ciencia básica en el dominio es.wikipedia.org. Incluye documentación, recursos y análisis.
https://es.wikipedia.org/wiki/Enfermería	Enfermería — Conocimiento e Información	Artículo indexado sobre Enfermería en el dominio es.wikipedia.org. Incluye documentación, recursos y análisis.
https://es.wikipedia.org/wiki/Jerarquía	Jerarquía — Conocimiento e Información	Artículo indexado sobre Jerarquía en el dominio es.wikipedia.org. Incluye documentación, recursos y análisis.
https://es.wikipedia.org/wiki/Árbol_(informática)	Árbol (informática) — Conocimiento e Información	Artículo indexado sobre Árbol (informática) en el dominio es.wikipedia.org. Incluye documentación, recursos y análisis.
https://es.wikipedia.org/wiki/Universal_(metafísica)	Universal (metafísica) — Conocimiento e Información	Artículo indexado sobre Universal (metafísica) en el dominio es.wikipedia.org. Incluye documentación, recursos y análisis.
https://es.wikipedia.org/wiki/Geología	Geología — Conocimiento e Información	Artículo indexado sobre Geología en el dominio es.wikipedia.org. Incluye documentación, recursos y análisis.
https://es.wikipedia.org/wiki/Unidad_de_la_ciencia	Unidad de la ciencia - Wikipedia, la enciclopedia libre	En filosofía de la ciencia, la unidad de la ciencia es la idea de que todas las ciencias forman una integralidad o un todo unificado, que no puede ser separado o desmembrado a riesgo de perder la visión de conjunto.[1][2]
https://es.wikipedia.org/w/index.php?title=Unidad_de_la_ciencia&amp;action=edit	Unidad de la ciencia - Wikipedia, la enciclopedia libre	En filosofía de la ciencia, la unidad de la ciencia es la idea de que todas las ciencias forman una integralidad o un todo unificado, que no puede ser separado o desmembrado a riesgo de perder la visión de conjunto.[1][2]
https://es.wikipedia.org/wiki/Archivo:Taxonomy_Linné_&amp;_Diderot.jpg	Archivo:Taxonomy Linné &amp — Conocimiento e Información	Artículo indexado sobre Archivo:Taxonomy Linné &amp en el dominio es.wikipedia.org. Incluye documentación, recursos y análisis.
https://es.wikipedia.org/wiki/Carlos_Linneo	Carlos Linneo - Wikipedia, la enciclopedia libre	Carlos Linneo[a] (en sueco: Carl Nilsson Linnæus, latinizado como Carolus Linnæus[b]) (Råshult, 23 de mayo de 1707-Upsala, 10 de enero de 1778),[c] conocido después de su ennoblecimiento como Carl von Linné, fue un científico, naturalista, botánico, médico y zoólogo sueco.
https://es.wikipedia.org/wiki/Denis_Diderot	Denis Diderot - Wikipedia, la enciclopedia libre	Denis Diderot (Langres, 5 de octubre de 1713-París, 31 de julio de 1784) fue una figura decisiva de la Ilustración como escritor, filósofo y enciclopedista francés.
https://es.wikipedia.org/wiki/Filosofía_de_la_ciencia	Filosofía de la ciencia — Conocimiento e Información	Artículo indexado sobre Filosofía de la ciencia en el dominio es.wikipedia.org. Incluye documentación, recursos y análisis.
https://es.wikipedia.org/wiki/Célula	Célula — Conocimiento e Información	Artículo indexado sobre Célula en el dominio es.wikipedia.org. Incluye documentación, recursos y análisis.
https://es.wikipedia.org/wiki/Ser_vivo	Ser vivo - Wikipedia, la enciclopedia libre	Un ser vivo u organismo es un conjunto material de organización compleja, en la que intervienen sistemas de comunicación molecular que lo relacionan internamente y con el medio ambiente en un intercambio de materia y energía de una forma ordenada, teniendo la capacidad de dese...
https://es.wikipedia.org/wiki/Cultura	Cultura - Wikipedia, la enciclopedia libre	La cultura es un concepto que abarca el comportamiento social, las instituciones y las normas que se encuentran en las sociedades humanas, así como el conocimiento, las creencias, el arte, las leyes, las costumbres, las actitudes y los hábitos de los individuos de estos grupos...
https://es.wikipedia.org/wiki/Jean_Piaget	Jean Piaget - Wikipedia, la enciclopedia libre	Jean William Fritz Piaget (Neuchâtel, 9 de agosto de 1896-Ginebra, 16 de septiembre de 1980), conocido como Jean Piaget, fue un biólogo suizo, pionero de la psicología evolutiva y padre de la epistemología genética, reconocido por sus aportes al estudio de la infancia y por su...
https://es.wikipedia.org/wiki/Lógica_proposicional	Lógica proposicional — Conocimiento e Información	Artículo indexado sobre Lógica proposicional en el dominio es.wikipedia.org. Incluye documentación, recursos y análisis.
https://es.wikipedia.org/wiki/Teoría_de_cuerdas	Teoría de cuerdas — Conocimiento e Información	Artículo indexado sobre Teoría de cuerdas en el dominio es.wikipedia.org. Incluye documentación, recursos y análisis.
https://es.wikipedia.org/wiki/Teoría_General_de_Sistemas	Teoría General de Sistemas — Conocimiento e Información	Artículo indexado sobre Teoría General de Sistemas en el dominio es.wikipedia.org. Incluye documentación, recursos y análisis.
https://es.wikipedia.org/wiki/Ludwig_von_Bertalanffy	Ludwig von Bertalanffy - Wikipedia, la enciclopedia libre	Karl Ludwig von Bertalanffy (Viena, 19 de septiembre de 1901-Búfalo (Nueva York), 12 de junio de 1972) fue un biólogo y filósofo austríaco, reconocido fundamentalmente por su teoría de sistemas.[1]
https://es.wikipedia.org/wiki/Paul_Oppenheim	Paul Oppenheim - Wikipedia, la enciclopedia libre	Paul Oppenheim (Fráncfort del Meno, 17 de junio de 1885 - Princeton, 22 de junio de 1977) fue un químico, filósofo de la ciencia, industrial e investigador independiente alemán, asociado al empirismo lógico y al llamado Círculo de Berlín.[1][2]
https://es.wikipedia.org/wiki/Hilary_Putnam	Hilary Putnam - Wikipedia, la enciclopedia libre	Hilary Whitehall Putnam (Chicago, Illinois; 31 de julio de 1926–Arlington, Massachusetts; 13 de marzo de 2016)[1] fue un filósofo, matemático e informático teórico estadounidense. Hizo aportes interesantes a la filosofía de la mente, la filosofía del lenguaje, la filosofía de ...
https://es.wikipedia.org/wiki/Jerry_Fodor	Jerry Fodor - Wikipedia, la enciclopedia libre	Jerry Alan Fodor (Nueva York, Nueva York; 22 de abril de 1935-Nueva Jersey; 29 de noviembre de 2017[1]) fue un filósofo analítico, científico, profesor universitario y psicolingüista estadounidense.
https://es.wikipedia.org/wiki/Problema_de_la_demarcación	Problema de la demarcación — Conocimiento e Información	Artículo indexado sobre Problema de la demarcación en el dominio es.wikipedia.org. Incluye documentación, recursos y análisis.
https://es.wikipedia.org/w/index.php?title=Problema_de_la_demarcaci%C3%B3n&amp;action=edit	Problema de la demarcación - Wikipedia, la enciclopedia libre	En filosofía de la ciencia, el problema de la demarcación es la cuestión de definir los límites que deben configurar el concepto «ciencia».[1] Las fronteras se suelen establecer entre lo que es conocimiento científico y no científico, entre ciencia y metafísica, entre ciencia ...
https://es.wikipedia.org/wiki/Archivo:PhrenologyPix.jpg	Archivo:PhrenologyPix.jpg - Wikipedia, la enciclopedia libre	From People's Cyclopedia of Universal Knowledge (1883)
https://es.wikipedia.org/wiki/Frenología	Frenología — Conocimiento e Información	Artículo indexado sobre Frenología en el dominio es.wikipedia.org. Incluye documentación, recursos y análisis.
https://es.wikipedia.org/wiki/Metafísica	Metafísica — Conocimiento e Información	Artículo indexado sobre Metafísica en el dominio es.wikipedia.org. Incluye documentación, recursos y análisis.
https://es.wikipedia.org/wiki/Pseudociencia	Pseudociencia - Wikipedia, la enciclopedia libre	La pseudociencia o seudociencia es aquella afirmación, creencia o práctica (pseudoterapia o falso tratamiento) que es presentada como científica y fáctica, pero que es incompatible con el método científico.[3][4] A menudo se caracteriza por el uso de afirmaciones vagas, contra...
https://es.wikipedia.org/wiki/Religión	Religión — Conocimiento e Información	Artículo indexado sobre Religión en el dominio es.wikipedia.org. Incluye documentación, recursos y análisis.
https://es.wikipedia.org/wiki/Teoría	Teoría — Conocimiento e Información	Artículo indexado sobre Teoría en el dominio es.wikipedia.org. Incluye documentación, recursos y análisis.
https://es.wikipedia.org/wiki/Política	Política — Conocimiento e Información	Artículo indexado sobre Política en el dominio es.wikipedia.org. Incluye documentación, recursos y análisis.
https://es.wikipedia.org/wiki/Partido_Comunista_de_la_Unión_Soviética	Partido Comunista de la Unión Soviética — Conocimiento e Información	Artículo indexado sobre Partido Comunista de la Unión Soviética en el dominio es.wikipedia.org. Incluye documentación, recursos y análisis.
https://es.wikipedia.org/wiki/Leyes_de_Mendel	Leyes de Mendel - Wikipedia, la enciclopedia libre	Las leyes de Mendel (en conjunto conocidas como genética mendeliana) son el conjunto de reglas básicas sobre la transmisión por herencia genética de las características de los organismos progenitores a su descendencia. Constituyen el fundamento de la genética. Las leyes se der...
https://es.wikipedia.org/wiki/Nikolái_Vavílov	Nikolái Vavílov — Conocimiento e Información	Artículo indexado sobre Nikolái Vavílov en el dominio es.wikipedia.org. Incluye documentación, recursos y análisis.
https://es.wikipedia.org/wiki/Investigación	Investigación — Conocimiento e Información	Artículo indexado sobre Investigación en el dominio es.wikipedia.org. Incluye documentación, recursos y análisis.
https://es.wikipedia.org/w/index.php?title=Investigaci%C3%B3n&amp;action=edit	Investigación - Wikipedia, la enciclopedia libre	La investigación es el trabajo creativo y sistemático realizado para aumentar el conocimiento.[1] Implica la recopilación, organización y análisis de información para aumentar la comprensión de un tema o problema. Un proyecto de investigación puede ser una expansión del trabaj...
https://es.wikipedia.org/wiki/Archivo:Humanités_Numériques.JPG	Archivo:Humanités Numériques.JPG — Conocimiento e Información	Artículo indexado sobre Archivo:Humanités Numériques.JPG en el dominio es.wikipedia.org. Incluye documentación, recursos y análisis.
https://es.wikipedia.org/wiki/Creatividad	Creatividad - Wikipedia, la enciclopedia libre	La creatividad es la capacidad de crear[1] nuevas ideas o conceptos, de nuevas asociaciones entre ideas y conceptos conocidos, que habitualmente producen soluciones originales. La creatividad es sinónimo del "pensamiento original", la "imaginación constructiva", el "pensamient...
https://es.wikipedia.org/wiki/Recopilación_de_datos	Recopilación de datos — Conocimiento e Información	Artículo indexado sobre Recopilación de datos en el dominio es.wikipedia.org. Incluye documentación, recursos y análisis.
https://es.wikipedia.org/wiki/Análisis	Análisis — Conocimiento e Información	Artículo indexado sobre Análisis en el dominio es.wikipedia.org. Incluye documentación, recursos y análisis.
https://es.wikipedia.org/wiki/Información	Información — Conocimiento e Información	Artículo indexado sobre Información en el dominio es.wikipedia.org. Incluye documentación, recursos y análisis.
https://es.wikipedia.org/wiki/Entendimiento	Entendimiento - Wikipedia, la enciclopedia libre	El entendimiento (del latín: intendere) o intelección (del latín: intelligere) tanto en su sentido filosófico como coloquial se considera como la facultad de pensar y discernir cómo se relacionan entre sí las partes de un objeto. Es la capacidad de un sujeto para aprender los ...
https://es.wikipedia.org/wiki/Proyecto	Proyecto - Wikipedia, la enciclopedia libre	Un proyecto es una planificación que consiste en un conjunto de objetivos que se encuentran interrelacionados y coordinados.[1] De conformidad con el Project Management Institute (PMI), "un proyecto es un esfuerzo temporal que se lleva a cabo para crear un producto, servicio o...
https://es.wikipedia.org/wiki/Validez_(lógica)	Validez (lógica) — Conocimiento e Información	Artículo indexado sobre Validez (lógica) en el dominio es.wikipedia.org. Incluye documentación, recursos y análisis.
https://es.wikipedia.org/wiki/Experimento	Experimento - Wikipedia, la enciclopedia libre	Un experimento es un procedimiento llevado a cabo para apoyar, refutar, o validar una hipótesis. Los experimentos proporcionan idea sobre causa-y-efecto por la demostración del resultado, que ocurre cuándo un factor particular es manipulado. Los experimentos varían mucho en ob...
https://es.wikipedia.org/wiki/Progreso_científico	Progreso científico — Conocimiento e Información	Artículo indexado sobre Progreso científico en el dominio es.wikipedia.org. Incluye documentación, recursos y análisis.
https://es.wikipedia.org/wiki/Solución_de_problemas	Solución de problemas — Conocimiento e Información	Artículo indexado sobre Solución de problemas en el dominio es.wikipedia.org. Incluye documentación, recursos y análisis.
https://es.wikipedia.org/wiki/Tecnologías_blandas	Tecnologías blandas — Conocimiento e Información	Artículo indexado sobre Tecnologías blandas en el dominio es.wikipedia.org. Incluye documentación, recursos y análisis.
https://es.wikipedia.org/wiki/Tecnología_dura	Tecnología dura — Conocimiento e Información	Artículo indexado sobre Tecnología dura en el dominio es.wikipedia.org. Incluye documentación, recursos y análisis.
https://es.wikipedia.org/wiki/Antropología_social	Antropología social — Conocimiento e Información	Artículo indexado sobre Antropología social en el dominio es.wikipedia.org. Incluye documentación, recursos y análisis.
https://es.wikipedia.org/wiki/Policía_científica	Policía científica — Conocimiento e Información	Artículo indexado sobre Policía científica en el dominio es.wikipedia.org. Incluye documentación, recursos y análisis.
https://es.wikipedia.org/wiki/Detective_(investigador)	Detective (investigador) - Wikipedia, la enciclopedia libre	Detective es un término de origen inglés, que literalmente significa detectar un hecho, descubrir, revelar, investigar, desenmascarar o aclarar circunstancias así como personas con ellas involucradas. La palabra proviene del latín detectus, y este del verbo detegere formado po...
https://es.wikipedia.org/wiki/Investigación_educativa	Investigación educativa — Conocimiento e Información	Artículo indexado sobre Investigación educativa en el dominio es.wikipedia.org. Incluye documentación, recursos y análisis.
https://es.wikipedia.org/w/index.php?title=M%C3%A9todo_cient%C3%ADfico&amp;action=edit	Método científico - Wikipedia, la enciclopedia libre	El método científico es una metodología para obtener nuevos conocimientos, que ha caracterizado históricamente a la ciencia. Consiste en la observación sistemática, medición, experimentación y la formulación, análisis y modificación de hipótesis.[1] Las principales característ...
https://es.wikipedia.org/wiki/Archivo:Método_científico_2021.jpg	Archivo:Método científico 2021.jpg — Conocimiento e Información	Artículo indexado sobre Archivo:Método científico 2021.jpg en el dominio es.wikipedia.org. Incluye documentación, recursos y análisis.
https://es.wikipedia.org/wiki/Metodología	Metodología — Conocimiento e Información	Artículo indexado sobre Metodología en el dominio es.wikipedia.org. Incluye documentación, recursos y análisis.
https://es.wikipedia.org/wiki/Conocimientos	Conocimiento - Wikipedia, la enciclopedia libre	El conocimiento es la familiaridad, la consciencia o la comprensión de alguien o de algo, como pueden ser los hechos (conocimiento descriptivo), las habilidades (conocimiento procedimental) o los objetos (conocimiento por familiaridad). En la mayoría de los casos, el conocimie...
https://es.wikipedia.org/wiki/Observación	Observación — Conocimiento e Información	Artículo indexado sobre Observación en el dominio es.wikipedia.org. Incluye documentación, recursos y análisis.
https://es.wikipedia.org/wiki/Medición	Medición — Conocimiento e Información	Artículo indexado sobre Medición en el dominio es.wikipedia.org. Incluye documentación, recursos y análisis.
https://es.wikipedia.org/wiki/Experimentación	Experimentación — Conocimiento e Información	Artículo indexado sobre Experimentación en el dominio es.wikipedia.org. Incluye documentación, recursos y análisis.
https://es.wikipedia.org/wiki/Formulación	Formulación — Conocimiento e Información	Artículo indexado sobre Formulación en el dominio es.wikipedia.org. Incluye documentación, recursos y análisis.
https://es.wikipedia.org/wiki/Falsabilidad	Falsabilidad - Wikipedia, la enciclopedia libre	En filosofía de la ciencia, la falsabilidad o refutabilidad es la capacidad de una teoría o hipótesis de ser sometida a potenciales pruebas que la contradigan. Es uno de los dos pilares del método científico, siendo la reproducibilidad el otro.
https://es.wikipedia.org/wiki/Reproducibilidad_y_repetibilidad	Reproducibilidad y repetibilidad - Wikipedia, la enciclopedia libre	La reproducibilidad es la capacidad de un ensayo o experimento de ser reproducido o replicado por otros, en particular, por la comunidad científica. La reproducibilidad es uno de los pilares del método científico, siendo la falsabilidad el otro.
https://es.wikipedia.org/wiki/Revisión_por_pares	Revisión por pares — Conocimiento e Información	Artículo indexado sobre Revisión por pares en el dominio es.wikipedia.org. Incluye documentación, recursos y análisis.
https://es.wikipedia.org/wiki/Razonamiento_inductivo	Razonamiento inductivo - Wikipedia, la enciclopedia libre	El razonamiento inductivo o inducción es una forma de razonamiento en que la verdad de las premisas apoyan la conclusión, pero no la garantizan.
https://es.wikipedia.org/wiki/Razonamiento_abductivo	Razonamiento abductivo - Wikipedia, la enciclopedia libre	El razonamiento abductivo (del latín abdūctiō y esta palabra de ab, desde lejos, y dūcere, llevar) es un tipo de razonamiento que, a partir de la descripción de un hecho o fenómeno, ofrece o llega a una hipótesis que explica las posibles razones o motivos del hecho mediante la...
https://es.wikipedia.org/wiki/Predicción_científica	Predicción científica — Conocimiento e Información	Artículo indexado sobre Predicción científica en el dominio es.wikipedia.org. Incluye documentación, recursos y análisis.
https://es.wikipedia.org/wiki/Comunidad_científica	Comunidad científica — Conocimiento e Información	Artículo indexado sobre Comunidad científica en el dominio es.wikipedia.org. Incluye documentación, recursos y análisis.
https://es.wikipedia.org/wiki/Subjetividad	Subjetividad - Wikipedia, la enciclopedia libre	En la teoría del conocimiento tradicional o pre crítica (anterior a Immanuel Kant) la subjetividad es la propiedad de las percepciones, argumentos y lenguaje basados en el punto de vista del sujeto, y por tanto influidos por los intereses y deseos particulares del mismo, sin d...
https://es.wikipedia.org/wiki/Física_teórica	Física teórica — Conocimiento e Información	Artículo indexado sobre Física teórica en el dominio es.wikipedia.org. Incluye documentación, recursos y análisis.
https://es.wikipedia.org/wiki/Historia	Historia - Wikipedia, la enciclopedia libre	La historia{{Cita web |url=https://www.fundeu.es/consulta/historia-o-historia-1087/ |título=historia o Historia |autor=Fundación del Español Urgente |fechaacceso=2021-03-03}}&lt;/ref>"},"group":{"wt":"\\"n.\\""}},"i":0}}]}'>[n. 1] es la narración de los sucesos del pasado; gener...
https://es.wikipedia.org/wiki/Definición	Definición — Conocimiento e Información	Artículo indexado sobre Definición en el dominio es.wikipedia.org. Incluye documentación, recursos y análisis.
https://es.wiktionary.org/wiki/clasificación	clasificación — Conocimiento e Información	Artículo indexado sobre clasificación en el dominio es.wiktionary.org. Incluye documentación, recursos y análisis.
https://es.wikipedia.org/wiki/Estadísticos	Estadísticos — Conocimiento e Información	Artículo indexado sobre Estadísticos en el dominio es.wikipedia.org. Incluye documentación, recursos y análisis.
https://es.wikipedia.org/wiki/Método_empírico-analítico	Método empírico analítico — Conocimiento e Información	Artículo indexado sobre Método empírico analítico en el dominio es.wikipedia.org. Incluye documentación, recursos y análisis.
https://es.wikipedia.org/wiki/Método_hipotético-deductivo	Método hipotético deductivo — Conocimiento e Información	Artículo indexado sobre Método hipotético deductivo en el dominio es.wikipedia.org. Incluye documentación, recursos y análisis.
https://es.wikipedia.org/wiki/Procedimientos_de_medición	Procedimientos de medición — Conocimiento e Información	Artículo indexado sobre Procedimientos de medición en el dominio es.wikipedia.org. Incluye documentación, recursos y análisis.
https://es.wikipedia.org/wiki/Ciencias_fácticas	Ciencias fácticas — Conocimiento e Información	Artículo indexado sobre Ciencias fácticas en el dominio es.wikipedia.org. Incluye documentación, recursos y análisis.
https://es.wikipedia.org/wiki/Verificación	Verificación — Conocimiento e Información	Artículo indexado sobre Verificación en el dominio es.wikipedia.org. Incluye documentación, recursos y análisis.
https://es.wikipedia.org/wiki/Demostración_matemática	Demostración matemática — Conocimiento e Información	Artículo indexado sobre Demostración matemática en el dominio es.wikipedia.org. Incluye documentación, recursos y análisis.
https://es.wikipedia.org/wiki/Prueba_(ciencia)	Prueba científica - Wikipedia, la enciclopedia libre	Una prueba científica es un tipo de prueba que sostiene o refuta una teoría científica o una hipótesis. Se espera que tal prueba sea de índole empírica (obtenida por observación o experimentación) y que sea obtenida a través del método científico. Así las pruebas permiten disc...
https://es.wikipedia.org/wiki/Sistema	Sistema - Wikipedia, la enciclopedia libre	Un sistema (del latín systēma, y este del griego σύστημα sýstēma 'reunión, conjunto, agregado') es «un objeto complejo cuyas partes o componentes están relacionados entre sí»;[1] ya sea conceptual o material.[1] Todos los sistemas tienen composición, estructura y entorno, pero...
https://es.wikipedia.org/wiki/Regla_de_inferencia	Regla de inferencia - Wikipedia, la enciclopedia libre	En lógica, una regla de inferencia, o regla de transformación es una forma lógica que consiste en una función que toma premisas, analiza su sintaxis, y devuelve una conclusión (o conclusiones).
https://es.wikipedia.org/wiki/Ley_científica	Ley científica — Conocimiento e Información	Artículo indexado sobre Ley científica en el dominio es.wikipedia.org. Incluye documentación, recursos y análisis.
https://es.wikipedia.org/w/index.php?title=Ley_cient%C3%ADfica&amp;action=edit	Ley científica - Wikipedia, la enciclopedia libre	Una ley científica es una proposición científica que afirma una relación constante entre dos o más variables o factores, cada uno de los cuales representa una propiedad o medición de sistemas concretos. También se define como regla y norma constantes e invariables de las cosas...
https://es.wikipedia.org/wiki/Archivo:Moglft0304_ley_debye.jpg	Archivo:Moglft0304 ley debye.jpg - Wikipedia, la enciclopedia libre	Haz clic sobre una fecha y hora para ver el archivo tal como apareció en ese momento.
https://es.wikipedia.org/wiki/Proposición	Proposición — Conocimiento e Información	Artículo indexado sobre Proposición en el dominio es.wikipedia.org. Incluye documentación, recursos y análisis.
https://es.wikipedia.org/wiki/Variable_(matemáticas)	Variable (matemáticas) — Conocimiento e Información	Artículo indexado sobre Variable (matemáticas) en el dominio es.wikipedia.org. Incluye documentación, recursos y análisis.
https://es.wikipedia.org/wiki/Fórmula_(expresión)	Fórmula (expresión) — Conocimiento e Información	Artículo indexado sobre Fórmula (expresión) en el dominio es.wikipedia.org. Incluye documentación, recursos y análisis.
https://es.wikipedia.org/wiki/Lenguaje_formalizado	Lenguaje formalizado - Wikipedia, la enciclopedia libre	El lenguaje formalizado es un lenguaje sometido a unas «reglas fijas de formación de expresiones y significados». Es una de las características esenciales del lenguaje científico.[1] Incluso hay autores que llegan a opinar que la ciencia en sí misma no es más que un lenguaje. ...
https://es.wikipedia.org/wiki/Afirmación	Afirmación — Conocimiento e Información	Artículo indexado sobre Afirmación en el dominio es.wikipedia.org. Incluye documentación, recursos y análisis.
https://es.wikipedia.org/wiki/Verdad	Verdad - Wikipedia, la enciclopedia libre	La verdad (o veridicidad) se entiende, tanto en filosofía como en el uso ordinario, como la propiedad por la cual ciertos contenidos —las llamadas unidades portadoras de verdad (truth-bearers)— guardan acuerdo con los hechos o con la realidad. Dichas unidades suelen contarse e...
https://es.wikipedia.org/wiki/Ontología	Ontología — Conocimiento e Información	Artículo indexado sobre Ontología en el dominio es.wikipedia.org. Incluye documentación, recursos y análisis.
https://es.wikipedia.org/wiki/Esencia	Esencia - Wikipedia, la enciclopedia libre	En filosofía, la esencia de una cosa es aquello invariable y permanente que constituye su naturaleza. Preguntar qué es un ente cualquiera equivale a preguntar por su esencia.[1]
https://es.wikipedia.org/wiki/Propiedad_(lógica)	Propiedad (lógica) — Conocimiento e Información	Artículo indexado sobre Propiedad (lógica) en el dominio es.wikipedia.org. Incluye documentación, recursos y análisis.
https://es.wikipedia.org/wiki/Accidente_(filosofía)	Accidente (filosofía) — Conocimiento e Información	Artículo indexado sobre Accidente (filosofía) en el dominio es.wikipedia.org. Incluye documentación, recursos y análisis.
https://es.wikipedia.org/wiki/Sustancia_(filosofía)	Sustancia (filosofía) — Conocimiento e Información	Artículo indexado sobre Sustancia (filosofía) en el dominio es.wikipedia.org. Incluye documentación, recursos y análisis.
https://es.wikipedia.org/wiki/Fenómeno	Fenómeno — Conocimiento e Información	Artículo indexado sobre Fenómeno en el dominio es.wikipedia.org. Incluye documentación, recursos y análisis.
https://es.wikipedia.org/wiki/Explicación	Explicación — Conocimiento e Información	Artículo indexado sobre Explicación en el dominio es.wikipedia.org. Incluye documentación, recursos y análisis.
https://es.wikipedia.org/wiki/Epistemología	Epistemología — Conocimiento e Información	Artículo indexado sobre Epistemología en el dominio es.wikipedia.org. Incluye documentación, recursos y análisis.
https://es.wikipedia.org/wiki/Lo_real	Lo real - Wikipedia, la enciclopedia libre	En filosofía continental, lo Real —en el contexto del psicoanálisis— se refiere al resto de la realidad que no puede ser expresado y que supera al entendimiento.[1] En el lacanianismo, se trata de una categoría "imposible", por su oposición entre su expresión y su inconcebibil...
https://es.wikipedia.org/wiki/Hipótesis_(lógica)	Hipótesis (lógica) — Conocimiento e Información	Artículo indexado sobre Hipótesis (lógica) en el dominio es.wikipedia.org. Incluye documentación, recursos y análisis.
https://es.wikipedia.org/wiki/Problema_de_la_inducción	Problema de la inducción — Conocimiento e Información	Artículo indexado sobre Problema de la inducción en el dominio es.wikipedia.org. Incluye documentación, recursos y análisis.
https://es.wikipedia.org/wiki/Teoría_científica	Teoría científica — Conocimiento e Información	Artículo indexado sobre Teoría científica en el dominio es.wikipedia.org. Incluye documentación, recursos y análisis.
https://es.wikipedia.org/w/index.php?title=Teor%C3%ADa_cient%C3%ADfica&amp;action=edit	Teoría científica - Wikipedia, la enciclopedia libre	La teoría científica es una explicación de un aspecto del mundo natural o social que puede ser (o a fortiori, que ha sido) repetidamente comprobado y cuenta con evidencia que lo corrobora de acuerdo con el método científico, utilizando protocolos aceptados de observación, medi...
https://es.wikipedia.org/wiki/Prueba_científica	Prueba científica — Conocimiento e Información	Artículo indexado sobre Prueba científica en el dominio es.wikipedia.org. Incluye documentación, recursos y análisis.
https://es.wikipedia.org/wiki/Protocolo_de_investigación	Protocolo de investigación — Conocimiento e Información	Artículo indexado sobre Protocolo de investigación en el dominio es.wikipedia.org. Incluye documentación, recursos y análisis.
https://es.wikipedia.org/wiki/Conocimiento_científico	Conocimiento científico — Conocimiento e Información	Artículo indexado sobre Conocimiento científico en el dominio es.wikipedia.org. Incluye documentación, recursos y análisis.
https://es.wikipedia.org/wiki/Hecho_científico	Hecho científico — Conocimiento e Información	Artículo indexado sobre Hecho científico en el dominio es.wikipedia.org. Incluye documentación, recursos y análisis.
https://es.wikipedia.org/wiki/Ley_de_gravitación_universal	Ley de gravitación universal — Conocimiento e Información	Artículo indexado sobre Ley de gravitación universal en el dominio es.wikipedia.org. Incluye documentación, recursos y análisis.
https://es.wikipedia.org/wiki/Falsacionismo	Falsacionismo - Wikipedia, la enciclopedia libre	El falsacionismo o racionalismo crítico es una corriente epistemológica fundada por el filósofo austriaco Karl Popper (1902-1994). Para Popper, contrastar una teoría significa intentar refutarla mediante un contraejemplo. Si no es posible refutarla, dicha teoría queda «corrobo...
